0.0000;-1500.0000 
0.0025;-1500.0000 
0.0050;-1500.0000 
0.0075;-1500.0000 
0.0100;-1500.0000 
0.0125;85.5206 
0.0150;96.4033 
0.0175;102.3312 
0.0200;106.2454 
0.0225;113.0767 
0.0250;117.4218 
0.0275;120.4947 
0.0300;122.7980 
0.0325;124.5240 
0.0350;125.9048 
0.0375;127.0288 
0.0400;127.9558 
0.0425;128.7281 
0.0450;127.8369 
0.0475;127.0176 
0.0500;126.2675 
0.0525;125.5833 
0.0550;124.9707 
0.0575;124.4164 
0.0600;123.9163 
0.0625;123.4666 
0.0650;123.0226 
0.0675;122.6245 
0.0700;122.2685 
0.0725;121.9510 
0.0750;123.0121 
0.0775;123.8901 
0.0800;124.6234 
0.0825;125.2405 
0.0850;125.7630 
0.0875;126.0546 
0.0900;126.3057 
0.0925;126.5225 
0.0950;126.7100 
0.0975;126.8887 
0.1000;127.0436 
0.1025;127.1779 
0.1050;127.2947 
0.1075;125.0645 
0.1100;122.8455 
0.1125;120.6392 
0.1150;118.4472 
0.1175;116.2261 
0.1200;114.0174 
0.1225;111.8226 
0.1250;109.6436 
0.1275;107.4823 
0.1300;112.3539 
0.1325;115.7199 
0.1350;118.2087 
0.1375;120.1268 
0.1400;118.1419 
0.1425;116.1962 
0.1450;114.2936 
0.1475;112.4379 
0.1500;110.3603 
0.1525;108.3124 
0.1550;106.2973 
0.1575;104.3185 
0.1600;102.5131 
0.1625;100.7625 
0.1650;99.0706 
0.1675;97.4410 
0.1700;95.8774 
0.1725;94.4889 
0.1750;93.1753 
0.1775;91.9380 
0.1800;90.7778 
0.1825;90.5121 
0.1850;90.2762 
0.1875;90.0671 
0.1900;89.8821 
0.1925;89.9263 
0.1950;89.9649 
0.1975;89.9986 
0.2000;90.0280 
0.2025;90.0537 
0.2050;89.8703 
0.2075;89.7081 
0.2100;89.5650 
0.2125;89.4387 
0.2150;89.3275 
0.2175;89.2296 
0.2200;89.1435 
0.2225;89.0678 
0.2250;88.7821 
0.2275;88.5281 
0.2300;88.3029 
0.2325;88.1033 
0.2350;88.1570 
0.2375;88.2039 
0.2400;88.2448 
0.2425;88.2805 
0.2450;88.3117 
0.2475;96.8173 
0.2500;101.8796 
0.2525;105.3483 
0.2550;107.9010 
0.2575;111.8152 
0.2600;114.6375 
0.2625;116.7782 
0.2650;118.4562 
0.2675;116.3999 
0.2700;114.3756 
0.2725;112.3866 
0.2750;110.4365 
0.2775;108.1488 
0.2800;105.8645 
0.2825;103.5840 
0.2850;101.3080 
0.2875;99.0370 
0.2900;96.8179 
0.2925;94.6115 
0.2950;92.4194 
0.2975;90.2434 
0.3000;88.1618 
0.3025;86.1094 
0.3050;84.0894 
0.3075;82.1052 
0.3100;79.7935 
0.3125;77.4817 
0.3150;75.1700 
0.3175;72.8582 
0.3200;70.7561 
0.3225;68.6808 
0.3250;66.6353 
0.3275;64.6230 
0.3300;62.6473 
0.3325;64.3859 
0.3350;65.7760 
0.3375;66.9070 
0.3400;67.8395 
0.3425;68.3788 
0.3450;68.8372 
0.3475;69.2287 
0.3500;69.5641 
0.3525;71.3242 
0.3550;72.7300 
0.3575;73.8728 
0.3600;74.8145 
0.3625;75.5984 
0.3650;97.3507 
0.3675;105.7658 
0.3700;110.7918 
0.3725;114.2411 
0.3750;115.5731 
0.3775;116.6601 
0.3800;117.5582 
0.3825;118.3076 
0.3850;118.6388 
0.3875;118.9236 
0.3900;119.1689 
0.3925;119.3808 
0.3950;119.5516 
0.3975;119.6997 
0.4000;119.8283 
0.4025;119.9400 
0.4050;120.0372 
0.4075;120.1218 
0.4100;120.1955 
0.4125;120.2597 
0.4150;120.3156 
0.4175;120.3763 
0.4200;120.4293 
0.4225;120.4755 
0.4250;120.5158 
0.4275;120.4568 
0.4300;120.4051 
0.4325;120.3597 
0.4350;120.3198 
0.4375;118.2108 
0.4400;116.1279 
0.4425;114.0740 
0.4450;112.0523 
0.4475;110.0662 
0.4500;113.7240 
0.4525;116.3924 
0.4550;118.4313 
0.4575;120.0375 
0.4600;120.3965 
0.4625;120.7047 
0.4650;120.9700 
0.4675;121.1988 
0.4700;121.2619 
0.4725;121.3169 
0.4750;121.3649 
0.4775;121.4068 
0.4800;121.6869 
0.4825;121.9283 
0.4850;122.1368 
0.4875;122.3173 
0.4900;122.4736 
0.4925;122.4206 
0.4950;122.3741 
0.4975;122.3334 
0.5000;122.2976 
0.5025;121.6495 
0.5050;121.0618 
0.5075;120.5307 
0.5100;120.0522 
0.5125;119.8194 
0.5150;119.6131 
0.5175;119.4306 
0.5200;119.2692 
0.5225;119.1268 
0.5250;117.0609 
0.5275;115.0259 
0.5300;113.0251 
0.5325;111.0620 
0.5350;114.4185 
0.5375;116.9014 
0.5400;118.8156 
0.5425;120.3327 
0.5450;120.6382 
0.5475;120.9012 
0.5500;121.1280 
0.5525;121.3241 
0.5550;121.4159 
0.5575;121.4959 
0.5600;121.5655 
0.5625;121.6262 
0.5650;121.6791 
0.5675;121.9866 
0.5700;122.2511 
0.5725;122.4794 
0.5750;122.6767 
0.5775;122.6094 
0.5800;122.5504 
0.5825;122.4985 
0.5850;122.4530 
0.5875;122.4131 
0.5900;122.3781 
0.5925;122.3474 
0.5950;122.3206 
0.5975;120.2015 
0.6000;118.1074 
0.6025;116.0411 
0.6050;114.0056 
0.6075;112.0043 
0.6100;115.1510 
0.6125;117.5016 
0.6150;119.3253 
0.6175;120.7772 
0.6200;121.0895 
0.6225;121.3581 
0.6250;121.5898 
0.6275;121.7900 
0.6300;121.9092 
0.6325;122.0127 
0.6350;122.1029 
0.6375;122.1813 
0.6400;122.2391 
0.6425;122.2894 
0.6450;122.3334 
0.6475;122.3717 
0.6500;122.4052 
0.6525;122.4240 
0.6550;122.4403 
0.6575;122.4547 
0.6600;122.4672 
0.6625;122.4781 
0.6650;122.4877 
0.6675;122.4960 
0.6700;122.5034 
0.6725;120.5004 
0.6750;118.5350 
0.6775;116.6107 
0.6800;114.7314 
0.6825;112.9010 
0.6850;110.6517 
0.6875;108.4111 
0.6900;106.1803 
0.6925;103.9606 
0.6950;102.2672 
0.6975;100.6361 
0.7000;99.0708 
0.7025;97.5746 
0.7050;105.8866 
0.7075;110.8710 
0.7100;114.2979 
0.7125;116.8246 
0.7150;117.5839 
0.7175;118.2221 
0.7200;118.7618 
0.7225;119.2206 
0.7250;119.6123 
0.7275;120.0328 
0.7300;120.3926 
0.7325;120.7013 
0.7350;120.9670 
0.7375;121.1056 
0.7400;121.2258 
0.7425;121.3304 
0.7450;121.4214 
0.7475;121.5117 
0.7500;121.5904 
0.7525;121.6589 
0.7550;121.7187 
0.7575;121.7708 
0.7600;121.8162 
0.7625;121.8559 
0.7650;121.8906 
0.7675;121.9208 
0.7700;119.6462 
0.7725;117.3768 
0.7750;115.1134 
0.7775;112.8566 
0.7800;114.4099 
0.7825;115.6634 
0.7850;116.6904 
0.7875;117.5415 
0.7900;115.2776 
0.7925;113.0204 
0.7950;110.7707 
0.7975;108.5296 
0.8000;106.2982 
0.8025;104.0779 
0.8050;101.8701 
0.8075;99.6763 
0.8100;97.4984 
0.8125;95.2880 
0.8150;93.0913 
0.8175;90.9101 
0.8200;88.7464 
0.8225;88.0420 
0.8250;87.4012 
0.8275;86.8204 
0.8300;86.2956 
0.8325;84.7432 
0.8350;83.2603 
0.8375;81.8496 
0.8400;80.5133 
0.8425;79.2529 
0.8450;77.3730 
0.8475;75.5418 
0.8500;73.7635 
0.8525;72.0419 
0.8550;72.0051 
0.8575;71.9729 
0.8600;71.9447 
0.8625;71.9200 
0.8650;71.7022 
0.8675;71.5093 
0.8700;71.3388 
0.8725;71.1883 
0.8750;69.5594 
0.8775;67.9966 
0.8800;66.5028 
0.8825;65.0809 
0.8850;63.7331 
0.8875;64.3698 
0.8900;64.9085 
0.8925;65.3664 
0.8950;65.7573 
0.8975;64.0697 
0.9000;62.4448 
0.9025;60.8859 
0.9050;59.3964 
0.9075;57.5375 
0.9100;55.7292 
0.9125;53.9755 
0.9150;52.2802 
0.9175;58.9461 
0.9200;63.2148 
0.9225;66.2439 
0.9250;68.5192 
0.9275;70.2910 
0.9300;71.5068 
0.9325;72.5049 
0.9350;73.3334 
0.9375;74.0272 
0.9400;96.7419 
0.9425;105.2998 
0.9450;110.3829 
0.9475;113.8628 
0.9500;116.4521 
0.9525;118.4380 
0.9550;120.0065 
0.9575;121.2712 
0.9600;122.1898 
0.9625;122.9554 
0.9650;123.5986 
0.9675;124.1424 
0.9700;124.6047 
0.9725;124.9538 
0.9750;125.2536 
0.9775;125.5118 
0.9800;125.7345 
0.9825;126.6269 
0.9850;127.3717 
0.9875;127.9981 
0.9900;128.5282 
0.9925;128.8124 
0.9950;129.0573 
0.9975;129.2688 
1.0000;129.4517 
1.0025;129.6102 
1.0050;127.2985 
1.0075;124.9867 
1.0100;122.6750 
1.0125;120.3632 
1.0150;121.8038 
1.0175;122.9729 
1.0200;123.9349 
1.0225;124.7349 
1.0250;125.3169 
1.0275;125.8106 
1.0300;126.2313 
1.0325;126.5912 
1.0350;124.4396 
1.0375;122.3091 
1.0400;120.2021 
1.0425;118.1215 
1.0450;116.0702 
1.0475;114.0171 
1.0500;111.9964 
1.0525;110.0113 
1.0550;108.0656 
1.0575;106.5360 
1.0600;105.0769 
1.0625;103.6909 
1.0650;102.3798 
1.0675;109.4500 
1.0700;113.9036 
1.0725;117.0380 
1.0750;119.3807 
1.0775;121.1310 
1.0800;122.5297 
1.0825;123.6671 
1.0850;124.6046 
1.0875;125.3852 
1.0900;125.8081 
1.0925;126.1699 
1.0950;126.4804 
1.0975;126.7476 
1.1000;126.9537 
1.1025;127.1321 
1.1050;127.2867 
1.1075;127.4208 
1.1100;127.5608 
1.1125;127.6824 
1.1150;127.7881 
1.1175;127.8801 
1.1200;127.2257 
1.1225;126.6320 
1.1250;126.0953 
1.1275;125.6117 
1.1300;125.1771 
1.1325;123.0594 
1.1350;120.9667 
1.1375;118.9020 
1.1400;116.8683 
1.1425;119.3898 
1.1450;121.3301 
1.1475;122.8659 
1.1500;124.1064 
1.1525;125.4801 
1.1550;126.5988 
1.1575;127.5216 
1.1600;128.2906 
1.1625;128.9366 
1.1650;128.6723 
1.1675;128.4377 
1.1700;128.2297 
1.1725;128.0457 
1.1750;127.8831 
1.1775;127.7395 
1.1800;127.6129 
1.1825;127.5013 
1.1850;125.2434 
1.1875;122.9929 
1.1900;120.7509 
1.1925;118.5185 
1.1950;116.2068 
1.1975;113.8951 
1.2000;111.5833 
1.2025;109.2716 
1.2050;106.9598 
1.2075;109.4686 
1.2100;111.4002 
1.2125;112.9299 
1.2150;114.1657 
1.2175;115.2908 
1.2200;116.2187 
1.2225;116.9917 
1.2250;117.6408 
1.2275;119.7698 
1.2300;121.4395 
1.2325;122.7790 
1.2350;123.8717 
1.2375;124.2420 
1.2400;124.5597 
1.2425;124.8330 
1.2450;125.0686 
1.2475;125.2721 
1.2500;125.4483 
1.2525;125.6010 
1.2550;125.7335 
1.2575;125.8486 
1.2600;126.0857 
1.2625;126.2905 
1.2650;126.4677 
1.2675;126.6213 
1.2700;127.7041 
1.2725;128.5990 
1.2750;129.3459 
1.2775;129.9739 
1.2800;127.8403 
1.2825;125.7298 
1.2850;123.6454 
1.2875;121.5897 
1.2900;119.5661 
1.2925;117.3676 
1.2950;115.1844 
1.2975;113.0183 
1.3000;110.8716 
1.3025;108.8391 
1.3050;106.8411 
1.3075;104.8811 
1.3100;102.9628 
1.3125;109.6378 
1.3150;113.9108 
1.3175;116.9423 
1.3200;119.2191 
1.3225;120.9919 
1.3250;121.8280 
1.3275;122.5278 
1.3300;123.1178 
1.3325;123.6181 
1.3350;124.6104 
1.3375;125.4344 
1.3400;126.1245 
1.3425;126.7066 
1.3450;127.3832 
1.3475;127.9543 
1.3500;128.4391 
1.3525;128.8523 
1.3550;129.1418 
1.3575;129.3912 
1.3600;129.6066 
1.3625;129.7928 
1.3650;129.9541 
1.3675;130.0805 
1.3700;130.1904 
1.3725;130.2859 
1.3750;130.3691 
1.3775;128.1560 
1.3800;125.9563 
1.3825;123.7717 
1.3850;121.6041 
1.3875;122.9125 
1.3900;123.9814 
1.3925;124.8655 
1.3950;125.6037 
1.3975;125.9003 
1.4000;126.1558 
1.4025;126.3763 
1.4050;126.5669 
1.4075;126.7321 
1.4100;127.2060 
1.4125;127.6104 
1.4150;127.9566 
1.4175;128.2539 
1.4200;128.7163 
1.4225;129.1110 
1.4250;129.4491 
1.4275;129.7396 
1.4300;129.2815 
1.4325;128.8705 
1.4350;128.5027 
1.4375;128.1744 
1.4400;127.7042 
1.4425;127.2821 
1.4450;126.9040 
1.4475;126.5664 
1.4500;126.2654 
1.4525;126.4293 
1.4550;126.5714 
1.4575;126.6948 
1.4600;126.8021 
1.4625;126.9442 
1.4650;127.0675 
1.4675;127.1747 
1.4700;127.2680 
1.4725;126.7115 
1.4750;126.2095 
1.4775;125.7579 
1.4800;125.3529 
1.4825;124.9906 
1.4850;124.6579 
1.4875;124.3615 
1.4900;124.0979 
1.4925;123.8640 
1.4950;124.8322 
1.4975;125.6371 
1.5000;126.3119 
1.5025;126.8816 
1.5050;127.3651 
1.5075;127.7774 
1.5100;128.1303 
1.5125;128.4332 
1.5150;128.1503 
1.5175;127.8989 
1.5200;127.6758 
1.5225;127.4783 
1.5250;127.3036 
1.5275;127.3247 
1.5300;127.3432 
1.5325;127.3594 
1.5350;127.3735 
1.5375;127.3938 
1.5400;127.4115 
1.5425;127.4270 
1.5450;127.4405 
1.5475;127.0539 
1.5500;126.7083 
1.5525;126.4002 
1.5550;126.1261 
1.5575;126.1479 
1.5600;126.1670 
1.5625;126.1837 
1.5650;126.1983 
1.5675;126.2111 
1.5700;124.0246 
1.5725;121.8550 
1.5750;119.7042 
1.5775;117.5746 
1.5800;119.9023 
1.5825;121.7103 
1.5850;123.1509 
1.5875;124.3200 
1.5900;125.2819 
1.5925;126.0819 
1.5950;126.7528 
1.5975;127.3192 
1.6000;127.5512 
1.6025;127.7517 
1.6050;127.9252 
1.6075;128.0756 
1.6100;128.2062 
1.6125;128.5947 
1.6150;128.9276 
1.6175;129.2137 
1.6200;129.4603 
1.6225;129.4078 
1.6250;129.3618 
1.6275;129.3214 
1.6300;129.2860 
1.6325;129.0119 
1.6350;128.7684 
1.6375;128.5525 
1.6400;128.3614 
1.6425;128.1924 
1.6450;128.1116 
1.6475;128.0406 
1.6500;127.9782 
1.6525;127.9234 
1.6550;127.7751 
1.6575;127.6442 
1.6600;127.5289 
1.6625;127.4274 
1.6650;126.0716 
1.6675;124.7914 
1.6700;123.5879 
1.6725;122.4615 
1.6750;123.2133 
1.6775;123.8454 
1.6800;124.3802 
1.6825;124.8350 
1.6850;125.2233 
1.6875;125.4591 
1.6900;125.6629 
1.6925;125.8392 
1.6950;125.9921 
1.6975;126.4783 
1.7000;126.8929 
1.7025;127.2476 
1.7050;127.5522 
1.7075;127.8221 
1.7100;128.0548 
1.7125;128.2559 
1.7150;128.4300 
1.7175;128.5809 
1.7200;128.7119 
1.7225;128.8257 
1.7250;128.9246 
1.7275;129.0107 
1.7300;129.1644 
1.7325;129.2978 
1.7350;129.4137 
1.7375;129.5144 
1.7400;127.3301 
1.7425;125.1628 
1.7450;123.0147 
1.7475;120.8881 
1.7500;118.7074 
1.7525;116.5443 
1.7550;114.4008 
1.7575;112.2793 
1.7600;110.0969 
1.7625;107.9317 
1.7650;105.7860 
1.7675;103.6621 
1.7700;101.5625 
1.7725;99.2508 
1.7750;96.9391 
1.7775;94.6273 
1.7800;92.3156 
1.7825;104.1704 
1.7850;110.4087 
1.7875;114.4748 
1.7900;117.3866 
1.7925;119.3484 
1.7950;120.8997 
1.7975;122.1516 
1.8000;123.1774 
1.8025;124.0277 
1.8050;125.0494 
1.8075;125.8965 
1.8100;126.6051 
1.8125;127.2022 
1.8150;127.7238 
1.8175;128.1677 
1.8200;128.5470 
1.8225;128.8721 
1.8250;129.1518 
1.8275;129.3928 
1.8300;129.6009 
1.8325;129.7810 
1.8350;127.6805 
1.8375;125.6070 
1.8400;123.5636 
1.8425;121.5536 
1.8450;119.5803 
1.8475;117.6335 
1.8500;115.7297 
1.8525;113.8727 
1.8550;112.0664 
1.8575;109.8856 
1.8600;107.7222 
1.8625;105.5785 
1.8650;103.4569 
1.8675;101.3953 
1.8700;99.3652 
1.8725;97.3698 
1.8750;95.4126 
1.8775;106.0993 
1.8800;111.9617 
1.8825;115.8434 
1.8850;118.6464 
1.8875;120.7745 
1.8900;122.0498 
1.8925;123.0935 
1.8950;123.9578 
1.8975;124.6802 
1.9000;125.2885 
1.9025;125.8038 
1.9050;126.2424 
1.9075;126.6173 
1.9100;127.0681 
1.9125;127.4532 
1.9150;127.7833 
1.9175;128.0670 
1.9200;128.2665 
1.9225;128.4391 
1.9250;128.5888 
1.9275;128.7188 
1.9300;128.8316 
1.9325;128.8936 
1.9350;128.9477 
1.9375;128.9948 
1.9400;129.0360 
1.9425;129.0862 
1.9450;129.1301 
1.9475;129.1684 
1.9500;129.2018 
1.9525;127.0198 
1.9550;124.8551 
1.9575;122.7100 
1.9600;120.5867 
1.9625;118.4878 
1.9650;116.4459 
1.9675;114.4376 
1.9700;112.4662 
1.9725;110.5353 
1.9750;112.8005 
1.9775;114.5652 
1.9800;115.9743 
1.9825;117.1197 
1.9850;115.0354 
1.9875;112.9800 
1.9900;110.9567 
1.9925;108.9688 
1.9950;114.7340 
1.9975;118.5671 
2.0000;121.3411 
2.0025;123.4501 
2.0050;125.1057 
2.0075;124.0850 
2.0100;123.1397 
2.0125;122.2679 
2.0150;121.4674 
2.0175;123.2994 
2.0200;124.7574 
2.0225;125.9396 
2.0250;126.9116 
2.0275;127.4853 
2.0300;127.9721 
2.0325;128.3872 
2.0350;128.7423 
2.0375;128.9680 
2.0400;129.1631 
2.0425;129.3320 
2.0450;129.4785 
2.0475;129.6056 
2.0500;129.7230 
2.0525;129.8251 
2.0550;129.9139 
2.0575;129.9913 
2.0600;130.0451 
2.0625;130.0921 
2.0650;130.1331 
2.0675;130.1689 
2.0700;130.1934 
2.0725;130.2149 
2.0750;130.2336 
2.0775;130.2500 
2.0800;128.0147 
2.0825;125.7899 
2.0850;123.5770 
2.0875;121.3775 
2.0900;119.1931 
2.0925;117.0259 
2.0950;114.8778 
2.0975;112.7512 
2.1000;110.6487 
2.1025;108.9899 
2.1050;107.3955 
2.1075;105.8687 
2.1100;104.4125 
2.1125;111.5718 
2.1150;116.0654 
2.1175;119.2223 
2.1200;121.5793 
2.1225;123.4075 
2.1250;121.4225 
2.1275;119.4767 
2.1300;117.5740 
2.1325;115.7182 
2.1350;118.8537 
2.1375;121.1971 
2.1400;123.0159 
2.1425;124.4643 
2.1450;125.4899 
2.1475;126.3401 
2.1500;127.0512 
2.1525;127.6503 
2.1550;128.1202 
2.1575;128.5211 
2.1600;128.8645 
2.1625;129.1594 
2.1650;129.4134 
2.1675;129.6396 
2.1700;129.8352 
2.1725;130.0045 
2.1750;130.1513 
2.1775;127.8395 
2.1800;125.5278 
2.1825;123.2160 
2.1850;120.9043 
2.1875;118.6057 
2.1900;116.3090 
2.1925;114.0143 
2.1950;111.7222 
2.1975;109.4104 
2.2000;107.0987 
2.2025;104.7869 
2.2050;102.4752 
2.2075;100.1635 
2.2100;98.5348 
2.2125;96.9722 
2.2150;95.4786 
2.2175;94.0570 
2.2200;92.6507 
2.2225;91.3188 
2.2250;90.0630 
2.2275;88.8841 
2.2300;87.9374 
2.2325;87.0644 
2.2350;86.2626 
2.2375;85.5292 
2.2400;84.2030 
2.2425;82.9529 
2.2450;81.7797 
2.2475;80.6837 
2.2500;79.6642 
2.2525;78.7200 
2.2550;77.8495 
2.2575;77.0500 
2.2600;76.3189 
2.2625;74.1790 
2.2650;72.0615 
2.2675;69.9691 
2.2700;67.9047 
2.2725;69.5860 
2.2750;70.9340 
2.2775;72.0331 
2.2800;72.9408 
2.2825;73.6977 
2.2850;76.4071 
2.2875;78.4732 
2.2900;80.0986 
2.2925;81.4055 
2.2950;82.2603 
2.2975;82.9751 
2.3000;83.5773 
2.3025;84.0875 
2.3050;93.6613 
2.3075;99.1327 
2.3100;102.8162 
2.3125;105.5003 
2.3150;107.5247 
2.3175;109.1205 
2.3200;110.4056 
2.3225;111.4567 
2.3250;112.3269 
2.3275;110.3568 
2.3300;108.4276 
2.3325;106.5428 
2.3350;104.7065 
2.3375;102.7594 
2.3400;100.8552 
2.3425;98.9977 
2.3450;97.1909 
2.3475;94.8792 
2.3500;92.5674 
2.3525;90.2557 
2.3550;87.9440 
2.3575;86.4926 
2.3600;85.1145 
2.3625;83.8115 
2.3650;82.5849 
2.3675;81.4354 
2.3700;86.1106 
2.3725;89.3689 
2.3750;91.7901 
2.3775;93.6622 
2.3800;95.1492 
2.3825;96.3531 
2.3850;97.3419 
2.3875;98.1631 
2.3900;96.4282 
2.3925;94.7531 
2.3950;93.1413 
2.3975;91.5964 
2.4000;89.7080 
2.4025;87.8678 
2.4050;86.0796 
2.4075;84.3475 
2.4100;82.6753 
2.4125;81.4077 
2.4150;80.2169 
2.4175;79.1033 
2.4200;78.0664 
2.4225;77.2489 
2.4250;76.5005 
2.4275;75.8181 
2.4300;75.1980 
2.4325;99.2106 
2.4350;107.9474 
2.4375;113.1011 
2.4400;116.6186 
2.4425;119.2012 
2.4450;121.1940 
2.4475;122.7674 
2.4500;124.0358 
2.4525;125.0742 
2.4550;125.9429 
2.4575;126.6689 
2.4600;127.2800 
2.4625;127.7976 
2.4650;125.5388 
2.4675;123.2873 
2.4700;121.0441 
2.4725;118.8104 
2.4750;118.5786 
2.4775;118.3732 
2.4800;118.1914 
2.4825;118.0308 
2.4850;117.8890 
2.4875;117.7640 
2.4900;117.6539 
2.4925;117.5569 
2.4950;117.4716 
2.4975;115.1759 
2.5000;112.8825 
2.5025;110.5916 
2.5050;108.3037 
2.5075;106.2352 
2.5100;104.1972 
2.5125;102.1932 
2.5150;100.2266 
2.5175;108.0622 
2.5200;112.8493 
2.5225;116.1691 
2.5250;118.6291 
2.5275;120.5276 
2.5300;122.0443 
2.5325;123.2704 
2.5350;124.2764 
2.5375;125.1111 
2.5400;126.4142 
2.5425;127.4791 
2.5450;128.3600 
2.5475;129.0957 
2.5500;129.4711 
2.5525;129.7930 
2.5550;130.0698 
2.5575;130.3084 
2.5600;130.4815 
2.5625;130.6316 
2.5650;130.7619 
2.5675;130.8750 
2.5700;130.9735 
2.5725;128.6984 
2.5750;126.4285 
2.5775;124.1645 
2.5800;121.9071 
2.5825;120.8164 
2.5850;119.8021 
2.5875;118.8632 
2.5900;117.9976 
2.5925;117.5415 
2.5950;117.1323 
2.5975;116.7661 
2.6000;116.4392 
2.6025;116.1481 
2.6050;115.7194 
2.6075;115.3354 
2.6100;114.9922 
2.6125;114.6863 
2.6150;117.6407 
2.6175;119.8676 
2.6200;121.6058 
2.6225;122.9956 
2.6250;124.2879 
2.6275;125.3446 
2.6300;126.2191 
2.6325;126.9496 
2.6350;127.5723 
2.6375;128.0994 
2.6400;128.5478 
2.6425;128.9308 
2.6450;129.2591 
2.6475;129.5274 
2.6500;129.7588 
2.6525;129.9588 
2.6550;130.1319 
2.6575;130.2082 
2.6600;130.2747 
2.6625;130.3327 
2.6650;130.3832 
2.6675;130.4340 
2.6700;130.4783 
2.6725;130.5169 
2.6750;130.5507 
2.6775;128.3216 
2.6800;126.1038 
2.6825;123.8988 
2.6850;121.7082 
2.6875;119.5339 
2.6900;117.3073 
2.6925;115.0924 
2.6950;112.8906 
2.6975;110.7037 
2.7000;108.5335 
2.7025;106.3821 
2.7050;104.2519 
2.7075;102.1453 
2.7100;110.0398 
2.7125;114.8517 
2.7150;118.1850 
2.7175;120.6535 
2.7200;122.0917 
2.7225;123.2590 
2.7250;124.2195 
2.7275;125.0184 
2.7300;125.6884 
2.7325;126.2541 
2.7350;126.7344 
2.7375;127.1440 
2.7400;127.4946 
2.7425;126.9894 
2.7450;126.5349 
2.7475;126.1271 
2.7500;125.7623 
2.7525;125.6391 
2.7550;125.5305 
2.7575;125.4350 
2.7600;125.3509 
2.7625;125.2770 
2.7650;124.6656 
2.7675;124.1123 
2.7700;123.6132 
2.7725;123.1643 
2.7750;121.5866 
2.7775;120.0772 
2.7800;118.6391 
2.7825;117.2747 
2.7850;118.9677 
2.7875;120.3244 
2.7900;121.4302 
2.7925;122.3429 
2.7950;123.0634 
2.7975;123.6701 
2.8000;124.1841 
2.8025;124.6216 
2.8050;124.9956 
2.8075;125.3163 
2.8100;125.5922 
2.8125;125.8300 
2.8150;126.0354 
2.8175;125.8368 
2.8200;125.6611 
2.8225;125.5058 
2.8250;125.3689 
2.8275;125.0139 
2.8300;124.6972 
2.8325;124.4153 
2.8350;124.1648 
2.8375;123.9619 
2.8400;123.7824 
2.8425;123.6237 
2.8450;123.4837 
2.8475;123.3603 
2.8500;123.8438 
2.8525;124.2561 
2.8550;124.6089 
2.8575;124.9119 
2.8600;125.1547 
2.8625;125.3645 
2.8650;125.5459 
2.8675;125.7031 
2.8700;125.8395 
2.8725;125.9580 
2.8750;126.0610 
2.8775;126.1506 
2.8800;126.1354 
2.8825;126.1221 
2.8850;126.1104 
2.8875;126.1002 
2.8900;126.0913 
2.8925;126.0493 
2.8950;126.0125 
2.8975;125.9802 
2.9000;125.9520 
2.9025;123.6990 
2.9050;121.4543 
2.9075;119.2187 
2.9100;116.9937 
2.9125;118.7582 
2.9150;120.1671 
2.9175;121.3124 
2.9200;122.2559 
2.9225;123.0412 
2.9250;123.3744 
2.9275;123.6608 
2.9300;123.9075 
2.9325;124.1206 
2.9350;124.3049 
2.9375;124.4646 
2.9400;124.6031 
2.9425;124.7234 
2.9450;124.9649 
2.9475;125.1736 
2.9500;125.3541 
2.9525;125.5105 
2.9550;125.5936 
2.9575;125.6661 
2.9600;125.7292 
2.9625;125.7843 
2.9650;125.8323 
2.9675;125.8742 
2.9700;125.9108 
2.9725;125.9428 
2.9750;125.9707 
2.9775;125.8574 
2.9800;125.7577 
2.9825;125.6700 
2.9850;125.5928 
2.9875;125.3124 
2.9900;125.0633 
2.9925;124.8423 
2.9950;124.6466 
2.9975;124.7243 
3.0000;124.7921 
3.0025;124.8511 
3.0050;124.9026 
3.0075;124.9476 
3.0100;123.3992 
3.0125;121.9205 
3.0150;120.5141 
3.0175;119.1823 
3.0200;121.6372 
3.0225;123.5323 
3.0250;125.0358 
3.0275;126.2521 
3.0300;126.5676 
3.0325;126.8391 
3.0350;127.0732 
3.0375;127.2754 
3.0400;127.4426 
3.0425;127.5876 
3.0450;127.7134 
3.0475;127.8228 
3.0500;127.9180 
3.0525;128.1452 
3.0550;128.3416 
3.0575;128.5117 
3.0600;128.6591 
3.0625;128.9251 
3.0650;129.1546 
3.0675;129.3529 
3.0700;129.5246 
3.0725;129.5901 
3.0750;129.6471 
3.0775;129.6969 
3.0800;129.7404 
3.0825;129.7783 
3.0850;129.8869 
3.0875;129.9814 
3.0900;130.0636 
3.0925;130.1352 
3.0950;130.2044 
3.0975;130.2647 
3.1000;130.3173 
3.1025;130.3631 
3.1050;130.6407 
3.1075;130.8800 
3.1100;131.0867 
3.1125;131.2655 
3.1150;131.4080 
3.1175;131.5317 
3.1200;131.6392 
3.1225;131.7327 
3.1250;131.8142 
3.1275;129.5374 
3.1300;127.2655 
3.1325;124.9992 
3.1350;122.7393 
3.1375;120.6273 
3.1400;118.5411 
3.1425;116.4836 
3.1450;114.4579 
3.1475;112.4299 
3.1500;110.4369 
3.1525;108.4823 
3.1550;106.5699 
3.1575;112.1998 
3.1600;115.9644 
3.1625;118.6974 
3.1650;120.7792 
3.1675;122.4157 
3.1700;123.7211 
3.1725;124.7877 
3.1750;125.6699 
3.1775;126.4067 
3.1800;124.2568 
3.1825;122.1281 
3.1850;120.0233 
3.1875;117.9451 
3.1900;120.8450 
3.1925;123.0365 
3.1950;124.7500 
3.1975;126.1218 
3.2000;127.1429 
3.2025;127.9895 
3.2050;128.6977 
3.2075;129.2946 
3.2100;129.8004 
3.2125;130.1775 
3.2150;130.5008 
3.2175;130.7788 
3.2200;131.0185 
3.2225;131.3643 
3.2250;131.6614 
3.2275;131.9172 
3.2300;132.1379 
3.2325;132.3348 
3.2350;132.5052 
3.2375;132.6529 
3.2400;132.7812 
3.2425;132.8926 
3.2450;132.5902 
3.2475;132.3211 
3.2500;132.0823 
3.2525;131.8705 
3.2550;131.6707 
3.2575;131.4940 
3.2600;131.3378 
3.2625;131.2001 
3.2650;128.9390 
3.2675;126.6850 
3.2700;124.4390 
3.2725;122.2021 
3.2750;119.9513 
3.2775;117.7088 
3.2800;115.4759 
3.2825;113.2539 
3.2850;111.0441 
3.2875;108.7787 
3.2900;106.5198 
3.2925;104.2683 
3.2950;102.0252 
3.2975;100.1002 
3.3000;98.2201 
3.3025;96.3888 
3.3050;94.6104 
3.3075;92.4778 
3.3100;90.3685 
3.3125;88.2853 
3.3150;86.2311 
3.3175;84.1131 
3.3200;82.0200 
3.3225;79.9549 
3.3250;77.9208 
3.3275;75.9210 
3.3300;76.3786 
3.3325;76.7694 
3.3350;77.1041 
3.3375;77.3919 
3.3400;77.4992 
3.3425;77.5926 
3.3450;77.6739 
3.3475;77.7448 
3.3500;76.3616 
3.3525;75.0535 
3.3550;73.8218 
3.3575;72.6671 
3.3600;71.5894 
3.3625;70.5880 
3.3650;69.6617 
3.3675;68.8083 
3.3700;68.0255 
3.3725;71.5699 
3.3750;74.1691 
3.3775;76.1617 
3.3800;77.7350 
3.3825;88.9578 
3.3850;94.9969 
3.3875;98.9661 
3.3900;101.8209 
3.3925;100.3208 
3.3950;98.8924 
3.3975;97.5380 
3.4000;96.2591 
3.4025;95.0569 
3.4050;99.8816 
3.4075;103.2220 
3.4100;105.6948 
3.4125;107.6021 
3.4150;111.0473 
3.4175;113.5853 
3.4200;115.5368 
3.4225;117.0806 
3.4250;118.2602 
3.4275;119.2303 
3.4300;120.0366 
3.4325;120.7127 
3.4350;121.1930 
3.4375;121.6027 
3.4400;121.9534 
3.4425;122.2545 
3.4450;122.5138 
3.4475;123.2270 
3.4500;123.8279 
3.4525;124.3370 
3.4550;124.7706 
3.4575;125.1323 
3.4600;125.4426 
3.4625;125.7097 
3.4650;125.9401 
3.4675;125.6303 
3.4700;125.3546 
3.4725;125.1098 
3.4750;124.8926 
3.4775;124.7004 
3.4800;124.5304 
3.4825;124.3803 
3.4850;124.2478 
3.4875;124.1311 
3.4900;123.9995 
3.4925;123.8835 
3.4950;123.7814 
3.4975;123.6916 
3.5000;123.2849 
3.5025;122.9211 
3.5050;122.5964 
3.5075;122.3072 
3.5100;122.1038 
3.5125;121.9239 
3.5150;121.7649 
3.5175;121.6246 
3.5200;121.5009 
3.5225;121.3919 
3.5250;121.2960 
3.5275;121.2116 
3.5300;121.1375 
3.5325;121.1745 
3.5350;121.2068 
3.5375;121.2351 
3.5400;121.2598 
3.5425;121.2476 
3.5450;121.2369 
3.5475;121.2275 
3.5500;121.2193 
3.5525;121.4812 
3.5550;121.7071 
3.5575;121.9024 
3.5600;122.0714 
3.5625;122.2181 
3.5650;122.2179 
3.5675;122.2177 
3.5700;122.2176 
3.5725;122.2175 
3.5750;120.1597 
3.5775;118.1337 
3.5800;116.1429 
3.5825;114.1907 
3.5850;112.1862 
3.5875;110.2189 
3.5900;108.2927 
3.5925;106.4112 
3.5950;104.5785 
3.5975;102.7985 
3.6000;101.0750 
3.6025;99.4120 
3.6050;97.8131 
3.6075;95.7981 
3.6100;93.8194 
3.6125;91.8805 
3.6150;89.9854 
3.6175;88.5897 
3.6200;87.2689 
3.6225;86.0242 
3.6250;84.8565 
3.6275;83.5682 
3.6300;82.3565 
3.6325;81.2219 
3.6350;80.1643 
3.6375;78.6628 
3.6400;77.2329 
3.6425;75.8769 
3.6450;74.5964 
3.6475;73.3927 
3.6500;101.2835 
3.6525;110.4727 
3.6550;115.8008 
3.6575;119.4100 
3.6600;122.0596 
3.6625;124.0859 
3.6650;125.6832 
3.6675;126.9692 
3.6700;127.7909 
3.6725;128.4792 
3.6750;129.0598 
3.6775;129.5524 
3.6800;129.7390 
3.6825;129.9007 
3.6850;130.0409 
3.6875;130.1627 
3.6900;130.2685 
3.6925;127.9568 
3.6950;125.6450 
3.6975;123.3333 
3.7000;121.0215 
3.7025;118.9174 
3.7050;116.8399 
3.7075;114.7921 
3.7100;112.7771 
3.7125;110.7778 
3.7150;108.8163 
3.7175;106.8964 
3.7200;105.0219 
3.7225;103.1966 
3.7250;101.7754 
3.7275;100.4282 
3.7300;99.1568 
3.7325;97.9621 
3.7350;96.4713 
3.7375;95.0525 
3.7400;93.7078 
3.7425;92.4390 
3.7450;98.4894 
3.7475;102.4641 
3.7500;105.3221 
3.7525;107.4863 
3.7550;105.5973 
3.7575;103.7564 
3.7600;101.9675 
3.7625;100.2345 
3.7650;98.5614 
3.7675;96.2497 
3.7700;93.9380 
3.7725;91.6262 
3.7750;89.3145 
3.7775;87.0027 
3.7800;84.6910 
3.7825;82.3793 
3.7850;80.0675 
3.7875;79.4749 
3.7900;78.9392 
3.7925;78.4565 
3.7950;78.0227 
3.7975;78.1853 
3.8000;78.3262 
3.8025;78.4487 
3.8050;78.5551 
3.8075;78.6477 
3.8100;77.9211 
3.8125;77.2594 
3.8150;76.6589 
3.8175;76.1157 
3.8200;75.6261 
3.8225;75.1861 
3.8250;74.7916 
3.8275;74.4389 
3.8300;72.1272 
3.8325;69.8154 
3.8350;67.5037 
3.8375;65.1920 
3.8400;64.1460 
3.8425;63.1759 
3.8450;62.2801 
3.8475;61.4563 
3.8500;60.7018 
3.8525;59.6217 
3.8550;58.6180 
3.8575;57.6894 
3.8600;56.8338 
3.8625;95.8703 
3.8650;105.8841 
3.8675;111.5142 
3.8700;115.2789 
3.8725;117.3893 
3.8750;119.0460 
3.8775;120.3759 
3.8800;121.4613 
3.8825;122.3582 
3.8850;122.9745 
3.8875;123.4963 
3.8900;123.9403 
3.8925;124.3197 
3.8950;123.7904 
3.8975;123.3135 
3.9000;122.8853 
3.9025;122.5016 
3.9050;120.3212 
3.9075;118.1584 
3.9100;116.0152 
3.9125;113.8942 
3.9150;111.7978 
3.9175;109.7290 
3.9200;107.6908 
3.9225;105.6864 
3.9250;103.7194 
3.9275;101.4077 
3.9300;99.0959 
3.9325;96.7842 
3.9350;94.4725 
3.9375;92.8719 
3.9400;91.3387 
3.9425;89.8758 
3.9450;88.4859 
3.9475;86.6796 
3.9500;84.9281 
3.9525;83.2351 
3.9550;81.6045 
3.9575;97.9192 
3.9600;105.3269 
3.9625;109.9302 
3.9650;113.1485 
3.9675;115.5445 
3.9700;117.3712 
3.9725;118.8253 
3.9750;120.0046 
3.9775;120.9744 
3.9800;118.9869 
3.9825;117.0384 
3.9850;115.1326 
3.9875;113.2735 
3.9900;117.0606 
3.9925;119.8071 
3.9950;121.8979 
3.9975;123.5407 
4.0000;124.3403 
4.0025;125.0108 
4.0050;125.5770 
4.0075;126.0577 
4.0100;126.4676 
4.0125;126.8184 
4.0150;127.1197 
4.0175;127.3791 
4.0200;127.6029 
4.0225;127.7655 
4.0250;127.9065 
4.0275;128.0289 
4.0300;128.1354 
4.0325;125.8755 
4.0350;123.6228 
4.0375;121.3784 
4.0400;119.1432 
4.0425;116.9185 
4.0450;114.6728 
4.0475;112.4363 
4.0500;110.2100 
4.0525;107.9955 
4.0550;105.9313 
4.0575;103.8982 
4.0600;101.8995 
4.0625;99.9388 
4.0650;97.8462 
4.0675;95.7816 
4.0700;93.7481 
4.0725;91.7490 
4.0750;102.6173 
4.0775;108.5404 
4.0800;112.4524 
4.0825;115.2733 
4.0850;117.4131 
4.0875;115.4831 
4.0900;113.5974 
4.0925;111.7602 
4.0950;109.9753 
4.0975;108.2466 
4.1000;106.5780 
4.1025;104.9732 
4.1050;103.4356 
4.1075;102.0024 
4.1100;100.6430 
4.1125;99.3592 
4.1150;98.1519 
4.1175;97.0218 
4.1200;95.9686 
4.1225;94.9913 
4.1250;94.0885 
4.1275;93.2579 
4.1300;92.4376 
4.1325;91.6864 
4.1350;91.0013 
4.1375;90.3787 
4.1400;101.5040 
4.1425;107.5115 
4.1450;111.4651 
4.1475;114.3107 
4.1500;116.3175 
4.1525;117.9009 
4.1550;119.1766 
4.1575;120.2207 
4.1600;120.8099 
4.1625;121.3096 
4.1650;121.7353 
4.1675;122.0993 
4.1700;122.4117 
4.1725;122.8046 
4.1750;123.1413 
4.1775;123.4305 
4.1800;123.6797 
4.1825;123.8949 
4.1850;124.0810 
4.1875;124.2422 
4.1900;124.3820 
4.1925;124.5128 
4.1950;124.6264 
4.1975;124.7252 
4.2000;124.8112 
4.2025;124.8861 
4.2050;124.5834 
4.2075;124.3141 
4.2100;124.0750 
4.2125;123.8630 
4.2150;122.2674 
4.2175;120.7394 
4.2200;119.2819 
4.2225;117.8975 
4.2250;120.1138 
4.2275;121.8446 
4.2300;123.2289 
4.2325;124.3556 
4.2350;125.3114 
4.2375;126.1065 
4.2400;126.7735 
4.2425;127.3367 
4.2450;127.8150 
4.2475;127.9801 
4.2500;128.1232 
4.2525;128.2475 
4.2550;128.3556 
4.2575;128.4198 
4.2600;128.4758 
4.2625;128.5246 
4.2650;128.5672 
4.2675;128.6118 
4.2700;128.6507 
4.2725;128.6847 
4.2750;128.7144 
4.2775;128.9511 
4.2800;129.1556 
4.2825;129.3326 
4.2850;129.4860 
4.2875;129.6191 
4.2900;127.4340 
4.2925;125.2659 
4.2950;123.1168 
4.2975;120.9891 
4.3000;118.8854 
4.3025;116.8084 
4.3050;114.7610 
4.3075;112.7465 
4.3100;110.4558 
4.3125;108.1681 
4.3150;105.8838 
4.3175;103.6033 
4.3200;101.2916 
4.3225;98.9798 
4.3250;96.6681 
4.3275;94.3563 
4.3300;92.0446 
4.3325;100.4430 
4.3350;105.4622 
4.3375;108.9079 
4.3400;111.4462 
4.3425;113.4333 
4.3450;115.0026 
4.3475;116.2680 
4.3500;117.3040 
4.3525;118.2564 
4.3550;119.0489 
4.3575;119.7137 
4.3600;120.2751 
4.3625;120.7519 
4.3650;121.4061 
4.3675;121.9590 
4.3700;122.4286 
4.3725;122.8294 
4.3750;123.1826 
4.3775;123.4860 
4.3800;123.7471 
4.3825;123.9724 
4.3850;124.3000 
4.3875;124.5816 
4.3900;124.8243 
4.3925;125.0340 
4.3950;124.5389 
4.3975;124.0938 
4.4000;123.6947 
4.4025;123.3377 
4.4050;123.0193 
4.4075;122.6216 
4.4100;122.2659 
4.4125;121.9486 
4.4150;121.6661 
4.4175;121.4151 
4.4200;121.1924 
4.4225;120.9952 
4.4250;120.8208 
4.4275;120.7945 
4.4300;120.7714 
4.4325;120.7512 
4.4350;120.7335 
4.4375;120.5311 
4.4400;120.3519 
4.4425;120.1936 
4.4450;120.0539 
4.4475;119.9308 
4.4500;118.0176 
4.4525;116.1504 
4.4550;114.3331 
4.4575;112.5697 
4.4600;110.8846 
4.4625;109.2622 
4.4650;107.7062 
4.4675;106.2195 
4.4700;104.8050 
4.4725;103.4647 
4.4750;102.2003 
4.4775;101.0127 
4.4800;98.9888 
4.4825;97.0003 
4.4850;95.0507 
4.4875;93.1438 
4.4900;91.2834 
4.4925;89.4027 
4.4950;87.5707 
4.4975;85.7915 
4.5000;84.0689 
4.5025;82.4069 
4.5050;80.8090 
4.5075;79.2785 
4.5100;77.8186 
4.5125;75.8206 
4.5150;73.8606 
4.5175;71.9423 
4.5200;70.0696 
4.5225;68.2463 
4.5250;67.5117 
4.5275;66.8423 
4.5300;66.2346 
4.5325;65.6848 
4.5350;98.7729 
4.5375;108.4175 
4.5400;113.9147 
4.5425;117.6116 
4.5450;120.3037 
4.5475;122.3584 
4.5500;123.9757 
4.5525;125.2766 
4.5550;123.1678 
4.5575;121.0852 
4.5600;119.0317 
4.5625;117.0104 
4.5650;115.0247 
4.5675;113.0782 
4.5700;111.1747 
4.5725;109.3180 
4.5750;107.5121 
4.5775;105.3422 
4.5800;103.1912 
4.5825;101.0613 
4.5850;98.9551 
4.5875;96.7365 
4.5900;94.5306 
4.5925;92.3390 
4.5950;90.1636 
4.5975;103.5383 
4.6000;110.2187 
4.6025;114.4941 
4.6050;117.5271 
4.6075;119.8048 
4.6100;121.5007 
4.6125;122.8595 
4.6150;123.9667 
4.6175;124.8807 
4.6200;125.6427 
4.6225;126.2830 
4.6250;126.8244 
4.6275;127.2847 
4.6300;125.0817 
4.6325;122.8934 
4.6350;120.7217 
4.6375;118.5686 
4.6400;116.3469 
4.6425;114.1375 
4.6450;111.9419 
4.6475;109.7620 
4.6500;107.5997 
4.6525;110.9232 
4.6550;113.3854 
4.6575;115.2855 
4.6600;116.7925 
4.6625;118.6257 
4.6650;120.0844 
4.6675;121.2672 
4.6700;122.2398 
4.6725;123.9392 
4.6750;125.3006 
4.6775;126.4099 
4.6800;127.3254 
4.6825;128.0887 
4.6850;128.5977 
4.6875;129.0312 
4.6900;129.4018 
4.6925;129.7196 
4.6950;129.0135 
4.6975;128.3710 
4.7000;127.7886 
4.7025;127.2624 
4.7050;126.7885 
4.7075;126.3630 
4.7100;125.9818 
4.7125;125.6413 
4.7150;126.4245 
4.7175;127.0819 
4.7200;127.6373 
4.7225;128.1091 
4.7250;128.5117 
4.7275;128.8564 
4.7300;129.1525 
4.7325;129.4074 
4.7350;129.6275 
4.7375;129.8521 
4.7400;130.0463 
4.7425;130.2145 
4.7450;130.3603 
4.7475;130.4670 
4.7500;130.5598 
4.7525;130.6407 
4.7550;130.7111 
4.7575;130.0893 
4.7600;129.5263 
4.7625;129.0182 
4.7650;128.5611 
4.7675;128.1509 
4.7700;127.7839 
4.7725;127.4562 
4.7750;127.1643 
4.7775;126.9048 
4.7800;127.0091 
4.7825;127.0999 
4.7850;127.1789 
4.7875;127.2477 
4.7900;127.8474 
4.7925;128.3556 
4.7950;128.7883 
4.7975;129.1583 
4.8000;129.4406 
4.8025;129.6839 
4.8050;129.8940 
4.8075;130.0758 
4.8100;130.2333 
4.8125;130.3766 
4.8150;130.5010 
4.8175;130.6092 
4.8200;130.7032 
4.8225;129.8643 
4.8250;129.0952 
4.8275;128.3931 
4.8300;127.7545 
4.8325;127.2477 
4.8350;126.7916 
4.8375;126.3825 
4.8400;126.0164 
4.8425;125.6896 
4.8450;126.4482 
4.8475;127.0858 
4.8500;127.6250 
4.8525;128.0835 
4.8550;128.4600 
4.8575;128.7829 
4.8600;129.0606 
4.8625;129.3000 
4.8650;129.4928 
4.8675;129.6597 
4.8700;129.8044 
4.8725;129.9301 
4.8750;130.0665 
4.8775;130.1849 
4.8800;130.2878 
4.8825;130.3774 
4.8850;130.4554 
4.8875;129.8576 
4.8900;129.3170 
4.8925;128.8297 
4.8950;128.3918 
4.8975;128.3544 
4.9000;128.3217 
4.9025;128.2929 
4.9050;128.2678 
4.9075;128.4626 
4.9100;128.6312 
4.9125;128.7775 
4.9150;128.9045 
4.9175;128.8557 
4.9200;128.8129 
4.9225;128.7754 
4.9250;128.7425 
4.9275;128.7137 
4.9300;128.7324 
4.9325;128.7487 
4.9350;128.7630 
4.9375;128.7755 
4.9400;128.1777 
4.9425;127.6372 
4.9450;127.1500 
4.9475;126.7122 
4.9500;126.3029 
4.9525;125.9367 
4.9550;125.6098 
4.9575;125.3186 
4.9600;125.0416 
4.9625;124.7955 
4.9650;124.5773 
4.9675;124.3841 
4.9700;124.2133 
4.9725;125.2385 
4.9750;126.0883 
4.9775;126.7991 
4.9800;127.3980 
4.9825;127.6971 
4.9850;127.9546 
4.9875;128.1769 
4.9900;128.3690 
4.9925;128.5724 
4.9950;128.7484 
4.9975;128.9009 
5.0000;129.0333 
5.0025;129.1483 
5.0050;129.2199 
5.0075;129.2823 
5.0100;129.3367 
5.0125;129.3842 
5.0150;128.6860 
5.0175;128.0511 
5.0200;127.4758 
5.0225;126.9562 
5.0250;126.3966 
5.0275;125.8916 
5.0300;125.4373 
5.0325;125.0298 
5.0350;126.3482 
5.0375;127.4249 
5.0400;128.3149 
5.0425;129.0579 
5.0450;129.6828 
5.0475;127.3711 
5.0500;125.0593 
5.0525;122.7476 
5.0550;120.4358 
5.0575;118.2049 
5.0600;115.9851 
5.0625;113.7778 
5.0650;111.5847 
5.0675;109.4075 
5.0700;107.2483 
5.0725;105.1092 
5.0750;102.9928 
5.0775;100.9015 
5.0800;98.8384 
5.0825;96.8064 
5.0850;94.8090 
5.0875;92.8497 
5.0900;90.8670 
5.0925;88.9239 
5.0950;87.0240 
5.0975;85.1712 
5.1000;83.2687 
5.1025;81.4132 
5.1050;79.6084 
5.1075;77.8586 
5.1100;76.4695 
5.1125;75.1553 
5.1150;73.9174 
5.1175;72.7566 
5.1200;91.1306 
5.1225;98.9647 
5.1250;103.7511 
5.1275;107.0705 
5.1300;109.5303 
5.1325;111.4485 
5.1350;112.9686 
5.1375;114.1972 
5.1400;115.2052 
5.1425;117.0903 
5.1450;118.5865 
5.1475;119.7974 
5.1500;120.7916 
5.1525;121.7271 
5.1550;122.5061 
5.1575;123.1601 
5.1600;123.7128 
5.1625;124.1823 
5.1650;124.7863 
5.1675;125.2981 
5.1700;125.7338 
5.1725;126.1062 
5.1750;126.0709 
5.1775;126.0400 
5.1800;126.0129 
5.1825;125.9892 
5.1850;125.8305 
5.1875;125.6905 
5.1900;125.5670 
5.1925;125.4582 
5.1950;125.4953 
5.1975;125.5277 
5.2000;125.5560 
5.2025;125.5807 
5.2050;125.6023 
5.2075;125.6649 
5.2100;125.7195 
5.2125;125.7671 
5.2150;125.8086 
5.2175;125.9655 
5.2200;126.1017 
5.2225;126.2199 
5.2250;126.3227 
5.2275;126.4623 
5.2300;126.5835 
5.2325;126.6889 
5.2350;126.7805 
5.2375;124.4782 
5.2400;122.1771 
5.2425;119.8776 
5.2450;117.5798 
5.2475;115.2840 
5.2500;112.9722 
5.2525;110.6605 
5.2550;108.3487 
5.2575;106.0370 
5.2600;110.6816 
5.2625;113.9228 
5.2650;116.3334 
5.2675;118.1982 
5.2700;119.6675 
5.2725;120.8582 
5.2750;121.8369 
5.2775;122.6500 
5.2800;122.9781 
5.2825;123.2601 
5.2850;123.5032 
5.2875;123.7131 
5.2900;123.8947 
5.2925;123.7913 
5.2950;123.7002 
5.2975;123.6202 
5.3000;123.5498 
5.3025;123.4979 
5.3050;123.4524 
5.3075;123.4124 
5.3100;123.3774 
5.3125;123.8487 
5.3150;124.2508 
5.3175;124.5951 
5.3200;124.8909 
5.3225;125.1456 
5.3250;124.9061 
5.3275;124.6939 
5.3300;124.5060 
5.3325;124.3399 
5.3350;122.0927 
5.3375;119.8544 
5.3400;117.6262 
5.3425;115.4095 
5.3450;113.2058 
5.3475;111.0166 
5.3500;108.8439 
5.3525;106.6897 
5.3550;104.6741 
5.3575;102.6948 
5.3600;100.7553 
5.3625;98.8594 
5.3650;97.0109 
5.3675;104.5209 
5.3700;109.1687 
5.3725;112.4118 
5.3750;114.8234 
5.3775;116.6597 
5.3800;118.1207 
5.3825;119.3051 
5.3850;120.2790 
5.3875;120.9627 
5.3900;121.5396 
5.3925;122.0291 
5.3950;122.4463 
5.3975;122.7414 
5.4000;122.9955 
5.4025;123.2149 
5.4050;123.4045 
5.4075;123.5688 
5.4100;123.7113 
5.4125;123.8350 
5.4150;123.9425 
5.4175;124.0360 
5.4200;124.2886 
5.4225;124.5065 
5.4250;124.6950 
5.4275;124.8583 
5.4300;124.8906 
5.4325;124.9189 
5.4350;124.9436 
5.4375;124.9651 
5.4400;124.9658 
5.4425;124.9664 
5.4450;124.9669 
5.4475;124.9673 
5.4500;124.9677 
5.4525;122.8009 
5.4550;120.6533 
5.4575;118.5272 
5.4600;116.4253 
5.4625;119.8314 
5.4650;122.3453 
5.4675;124.2803 
5.4700;125.8125 
5.4725;125.8396 
5.4750;125.8634 
5.4775;125.8841 
5.4800;125.9022 
5.4825;125.9181 
5.4850;125.9319 
5.4875;125.9440 
5.4900;125.9546 
5.4925;125.9639 
5.4950;125.9720 
5.4975;125.9791 
5.5000;125.9853 
5.5025;125.9907 
5.5050;125.8837 
5.5075;125.7895 
5.5100;125.7066 
5.5125;125.6338 
5.5150;125.5698 
5.5175;125.5137 
5.5200;125.4644 
5.5225;125.4211 
5.5250;125.3832 
5.5275;125.3054 
5.5300;125.2370 
5.5325;125.1770 
5.5350;125.1243 
5.5375;125.2668 
5.5400;125.3905 
5.5425;125.4981 
5.5450;125.5916 
5.5475;123.3399 
5.5500;121.0965 
5.5525;118.8626 
5.5550;116.6394 
5.5575;118.0773 
5.5600;119.2444 
5.5625;120.2048 
5.5650;121.0036 
5.5675;121.6735 
5.5700;123.6885 
5.5725;125.2777 
5.5750;126.5578 
5.5775;127.6052 
5.5800;128.4872 
5.5825;129.2238 
5.5850;129.8435 
5.5875;130.3682 
5.5900;130.1061 
5.5925;129.8734 
5.5950;129.6673 
5.5975;129.4849 
5.6000;129.3378 
5.6025;129.2081 
5.6050;129.0938 
5.6075;128.9931 
5.6100;128.9046 
5.6125;128.5775 
5.6150;128.2862 
5.6175;128.0272 
5.6200;127.7974 
5.6225;127.4840 
5.6250;127.2050 
5.6275;126.9572 
5.6300;126.7374 
5.6325;126.4929 
5.6350;126.2760 
5.6375;126.0840 
5.6400;125.9143 
5.6425;125.7644 
5.6450;125.6758 
5.6475;125.5980 
5.6500;125.5296 
5.6525;125.4695 
5.6550;125.4168 
5.6575;125.3705 
5.6600;125.3299 
5.6625;125.2943 
5.6650;124.7643 
5.6675;124.2868 
5.6700;123.8579 
5.6725;123.4737 
5.6750;121.3647 
5.6775;119.2818 
5.6800;117.2280 
5.6825;115.2063 
5.6850;113.2203 
5.6875;116.7623 
5.6900;119.3600 
5.6925;121.3516 
5.6950;122.9242 
5.6975;124.0678 
5.7000;125.0101 
5.7025;125.7945 
5.7050;126.4529 
5.7075;127.0091 
5.7100;127.4815 
5.7125;127.8846 
5.7150;128.2297 
5.7175;128.7030 
5.7200;129.1068 
5.7225;129.4525 
5.7250;129.7494 
5.7275;130.0051 
5.7300;130.2258 
5.7325;130.4166 
5.7350;130.5819 
5.7375;130.7252 
5.7400;128.4879 
5.7425;126.2607 
5.7450;124.0452 
5.7475;121.8427 
5.7500;119.7536 
5.7525;117.6929 
5.7550;115.6636 
5.7575;113.6691 
5.7600;111.6934 
5.7625;109.7579 
5.7650;107.8664 
5.7675;106.0227 
5.7700;104.2309 
5.7725;101.9535 
5.7750;99.6810 
5.7775;97.4140 
5.7800;95.1532 
5.7825;105.5080 
5.7850;111.2573 
5.7875;115.0824 
5.7900;117.8517 
5.7925;119.9696 
5.7950;121.6315 
5.7975;122.9654 
5.8000;124.0537 
5.8025;124.9530 
5.8050;126.0484 
5.8075;126.9531 
5.8100;127.7077 
5.8125;128.3421 
5.8150;128.8133 
5.8175;129.2153 
5.8200;129.5596 
5.8225;129.8553 
5.8250;127.6685 
5.8275;125.4984 
5.8300;123.3472 
5.8325;121.2171 
5.8350;119.1489 
5.8375;117.1113 
5.8400;115.1077 
5.8425;113.1415 
5.8450;111.2164 
5.8475;114.6129 
5.8500;117.1207 
5.8525;119.0516 
5.8550;120.5809 
5.8575;121.2508 
5.8600;121.8165 
5.8625;122.2968 
5.8650;122.7064 
5.8675;123.0468 
5.8700;123.3393 
5.8725;123.5912 
5.8750;123.8087 
5.8775;124.9146 
5.8800;125.8276 
5.8825;126.5887 
5.8850;127.2283 
5.8875;127.7692 
5.8900;128.4981 
5.8925;129.1116 
5.8950;129.6312 
5.8975;130.0734 
5.9000;130.4512 
5.9025;130.7752 
5.9050;131.0538 
5.9075;131.2939 
5.9100;131.4951 
5.9125;131.6693 
5.9150;131.8202 
5.9175;131.9513 
5.9200;131.5256 
5.9225;131.1445 
5.9250;130.8039 
5.9275;130.5003 
5.9300;130.2302 
5.9325;130.0379 
5.9350;129.8679 
5.9375;129.7178 
5.9400;129.5853 
5.9425;129.1001 
5.9450;128.6640 
5.9475;128.2733 
5.9500;127.9240 
5.9525;127.7756 
5.9550;127.6447 
5.9575;127.5294 
5.9600;127.4278 
5.9625;127.3384 
5.9650;127.7003 
5.9675;128.0109 
5.9700;128.2781 
5.9725;128.5087 
5.9750;128.7152 
5.9775;128.8939 
5.9800;129.0488 
5.9825;129.1832 
5.9850;129.6920 
5.9875;130.1252 
5.9900;130.4956 
5.9925;130.8133 
5.9950;130.9198 
5.9975;131.0124 
6.0000;131.0930 
6.0025;131.1633 
6.0050;131.2245 
6.0075;130.9270 
6.0100;130.6624 
6.0125;130.4275 
6.0150;130.2193 
6.0175;130.0215 
6.0200;129.8466 
6.0225;129.6920 
6.0250;129.5556 
6.0275;129.2020 
6.0300;128.8866 
6.0325;128.6057 
6.0350;128.3562 
6.0375;128.2331 
6.0400;128.1246 
6.0425;128.0292 
6.0450;127.9452 
6.0475;127.8714 
6.0500;127.7137 
6.0525;127.5745 
6.0550;127.4518 
6.0575;127.3437 
6.0600;125.1853 
6.0625;123.0471 
6.0650;120.9317 
6.0675;118.8416 
6.0700;120.5307 
6.0725;121.8846 
6.0750;122.9881 
6.0775;123.8991 
6.0800;124.0271 
6.0825;124.1384 
6.0850;124.2351 
6.0875;124.3193 
6.0900;124.3927 
6.0925;124.9824 
6.0950;125.4825 
6.0975;125.9085 
6.1000;126.2728 
6.1025;126.3519 
6.1050;126.4209 
6.1075;126.4810 
6.1100;126.5334 
6.1125;126.6618 
6.1150;126.7734 
6.1175;126.8705 
6.1200;126.9549 
6.1225;127.0285 
6.1250;127.0846 
6.1275;127.1335 
6.1300;127.1762 
6.1325;127.2134 
6.1350;127.1420 
6.1375;127.0793 
6.1400;127.0242 
6.1425;126.9759 
6.1450;124.7011 
6.1475;122.4316 
6.1500;120.1679 
6.1525;117.9109 
6.1550;118.7865 
6.1575;119.5180 
6.1600;120.1336 
6.1625;120.6548 
6.1650;121.0984 
6.1675;121.4997 
6.1700;121.8433 
6.1725;122.1385 
6.1750;122.3927 
6.1775;123.3065 
6.1800;124.0684 
6.1825;124.7086 
6.1850;125.2500 
6.1875;125.4998 
6.1900;125.7155 
6.1925;125.9020 
6.1950;126.0636 
6.1975;126.2292 
6.2000;126.3727 
6.2025;126.4974 
6.2050;126.6057 
6.2075;126.7000 
6.2100;126.7493 
6.2125;126.7922 
6.2150;126.8298 
6.2175;126.8625 
6.2200;126.8830 
6.2225;126.9009 
6.2250;126.9166 
6.2275;126.9302 
6.2300;124.6371 
6.2325;122.3465 
6.2350;120.0589 
6.2375;117.7748 
6.2400;118.6733 
6.2425;119.4231 
6.2450;120.0535 
6.2475;120.5869 
6.2500;121.0405 
6.2525;121.4501 
6.2550;121.8008 
6.2575;122.1019 
6.2600;122.3612 
6.2625;122.7717 
6.2650;123.1231 
6.2675;123.4249 
6.2700;123.6847 
6.2725;125.0136 
6.2750;126.0982 
6.2775;126.9945 
6.2800;127.7424 
6.2825;128.3713 
6.2850;128.8963 
6.2875;129.3429 
6.2900;129.7244 
6.2925;130.0515 
6.2950;130.2592 
6.2975;130.4389 
6.3000;130.5946 
6.3025;130.7298 
6.3050;128.4255 
6.3075;126.1222 
6.3100;123.8202 
6.3125;121.5196 
6.3150;119.2205 
6.3175;116.9232 
6.3200;114.6280 
6.3225;112.3352 
6.3250;110.0450 
6.3275;108.1226 
6.3300;106.2453 
6.3325;104.4172 
6.3350;102.6420 
6.3375;106.9332 
6.3400;109.9752 
6.3425;112.2588 
6.3450;114.0363 
6.3475;115.8749 
6.3500;117.3377 
6.3525;118.5235 
6.3550;119.4983 
6.3575;121.8559 
6.3600;123.6845 
6.3625;125.1400 
6.3650;126.3203 
6.3675;127.2909 
6.3700;127.9376 
6.3725;128.4843 
6.3750;128.9489 
6.3775;129.3454 
6.3800;129.3283 
6.3825;129.3133 
6.3850;129.3001 
6.3875;129.2886 
6.3900;128.6284 
6.3925;128.0293 
6.3950;127.4876 
6.3975;126.9992 
6.4000;124.6967 
6.4025;122.3955 
6.4050;120.0959 
6.4075;117.7979 
6.4100;115.5019 
6.4125;113.4220 
6.4150;111.3715 
6.4175;109.3536 
6.4200;107.3716 
6.4225;111.5267 
6.4250;114.4902 
6.4275;116.7231 
6.4300;118.4655 
6.4325;119.4504 
6.4350;120.2684 
6.4375;120.9539 
6.4400;121.5321 
6.4425;122.0227 
6.4450;122.2185 
6.4475;122.3880 
6.4500;122.5349 
6.4525;122.6625 
6.4550;123.5209 
6.4575;124.2386 
6.4600;124.8430 
6.4625;125.3552 
6.4650;126.3206 
6.4675;127.1234 
6.4700;127.7965 
6.4725;128.3648 
6.4750;128.8107 
6.4775;129.1918 
6.4800;129.5184 
6.4825;129.7993 
6.4850;130.0413 
6.4875;130.2906 
6.4900;130.5058 
6.4925;130.6919 
6.4950;130.8531 
6.4975;128.7253 
6.5000;126.6215 
6.5025;124.5443 
6.5050;122.4968 
6.5075;120.4468 
6.5100;118.4294 
6.5125;116.4481 
6.5150;114.5063 
6.5175;112.4588 
6.5200;110.4442 
6.5225;108.4659 
6.5250;106.5276 
6.5275;104.6329 
6.5300;102.4886 
6.5325;100.3662 
6.5350;98.2683 
6.5375;96.1978 
6.5400;94.8965 
6.5425;93.6715 
6.5450;92.5237 
6.5475;91.4528 
6.5500;101.0198 
6.5525;106.4886 
6.5550;110.1708 
6.5575;112.8541 
6.5600;115.6353 
6.5625;117.7490 
6.5650;119.4080 
6.5675;120.7396 
6.5700;121.8263 
6.5725;122.2520 
6.5750;122.6161 
6.5775;122.9285 
6.5800;123.1973 
6.5825;123.4291 
6.5850;123.6295 
6.5875;123.8029 
6.5900;123.9532 
6.5925;123.6378 
6.5950;123.3569 
6.5975;123.1074 
6.6000;122.8861 
6.6025;122.6901 
6.6050;122.5272 
6.6075;122.3834 
6.6100;122.2567 
6.6125;122.1449 
6.6150;122.1004 
6.6175;122.0612 
6.6200;122.0269 
6.6225;121.9969 
6.6250;120.0876 
6.6275;118.2246 
6.6300;116.4120 
6.6325;114.6535 
6.6350;115.5670 
6.6375;116.3286 
6.6400;116.9686 
6.6425;117.5098 
6.6450;117.9699 
6.6475;116.0126 
6.6500;114.0973 
6.6525;112.2278 
6.6550;110.4079 
6.6575;115.6660 
6.6600;119.2386 
6.6625;121.8550 
6.6650;123.8592 
6.6675;125.4318 
6.6700;126.6996 
6.6725;127.7376 
6.6750;128.5974 
6.6775;126.3445 
6.6800;124.0998 
6.6825;121.8644 
6.6850;119.6395 
6.6875;117.4264 
6.6900;115.4015 
6.6925;113.4118 
6.6950;111.4610 
6.6975;109.5527 
6.7000;112.6542 
6.7025;114.9759 
6.7050;116.7798 
6.7075;118.2173 
6.7100;118.6925 
6.7125;119.0979 
6.7150;119.4450 
6.7175;119.7431 
6.7200;119.8904 
6.7225;120.0182 
6.7250;120.1293 
6.7275;120.2260 
6.7300;120.3101 
6.7325;120.3596 
6.7350;120.4029 
6.7375;120.4406 
6.7400;120.4736 
6.7425;120.5611 
6.7450;120.6373 
6.7475;120.7038 
6.7500;120.7617 
6.7525;118.5820 
6.7550;116.4199 
6.7575;114.2776 
6.7600;112.1575 
6.7625;110.0622 
6.7650;115.4120 
6.7675;119.0325 
6.7700;121.6782 
6.7725;123.7020 
6.7750;125.2169 
6.7775;126.4418 
6.7800;127.4467 
6.7825;128.2806 
6.7850;127.5822 
6.7875;126.9470 
6.7900;126.3715 
6.7925;125.8517 
6.7950;125.2501 
6.7975;124.7059 
6.8000;124.2153 
6.8025;123.7744 
6.8050;123.3791 
6.8075;121.1922 
6.8100;119.0220 
6.8125;116.8707 
6.8150;114.7405 
6.8175;112.7080 
6.8200;110.7099 
6.8225;108.7498 
6.8250;106.8314 
6.8275;105.0161 
6.8300;103.2549 
6.8325;101.5516 
6.8350;99.9100 
6.8375;98.2488 
6.8400;96.6517 
6.8425;95.1222 
6.8450;93.6632 
6.8475;92.2771 
6.8500;100.4566 
6.8525;105.3868 
6.8550;108.7845 
6.8575;111.2931 
6.8600;113.2066 
6.8625;114.7234 
6.8650;115.9496 
6.8675;116.9556 
6.8700;117.6521 
6.8725;118.2394 
6.8750;118.7374 
6.8775;119.1617 
6.8800;121.5109 
6.8825;123.3337 
6.8850;124.7850 
6.8875;125.9621 
6.8900;126.9303 
6.8925;127.7274 
6.8950;128.3960 
6.8975;128.9606 
6.9000;129.4399 
6.9025;129.8350 
6.9050;130.1735 
6.9075;130.4643 
6.9100;130.7148 
6.9125;128.4923 
6.9150;126.2820 
6.9175;124.0855 
6.9200;121.9045 
6.9225;119.7410 
6.9250;117.4854 
6.9275;115.2376 
6.9300;112.9986 
6.9325;110.7697 
6.9350;108.6923 
6.9375;106.6446 
6.9400;104.6298 
6.9425;102.6513 
6.9450;100.7496 
6.9475;98.8949 
6.9500;97.0911 
6.9525;95.3422 
6.9550;93.9819 
6.9575;92.6971 
6.9600;91.4890 
6.9625;90.3580 
6.9650;89.3038 
6.9675;101.8670 
6.9700;108.3175 
6.9725;112.4851 
6.9750;115.4559 
6.9775;116.1602 
6.9800;116.7538 
6.9825;117.2570 
6.9850;117.6856 
6.9875;117.4590 
6.9900;117.2583 
6.9925;117.0807 
6.9950;116.9238 
6.9975;114.6946 
7.0000;112.4767 
7.0025;110.2715 
7.0050;108.0808 
7.0075;105.9064 
7.0100;103.8120 
7.0125;101.7455 
7.0150;99.7097 
7.0175;97.7081 
7.0200;96.1333 
7.0225;94.6270 
7.0250;93.1921 
7.0275;91.8309 
7.0300;89.5895 
7.0325;87.3578 
7.0350;85.1370 
7.0375;82.9287 
7.0400;80.7344 
7.0425;78.5560 
7.0450;76.3953 
7.0475;74.2546 
7.0500;72.1362 
7.0525;73.0264 
7.0550;73.7695 
7.0575;74.3945 
7.0600;74.9234 
7.0625;75.3733 
7.0650;75.7577 
7.0675;76.0871 
7.0700;76.3703 
7.0725;92.3064 
7.0750;99.6288 
7.0775;104.1947 
7.0800;107.3921 
7.0825;109.7749 
7.0850;107.7113 
7.0875;105.6789 
7.0900;103.6810 
7.0925;101.7211 
7.0950;100.1114 
7.0975;98.5686 
7.1000;97.0957 
7.1025;95.6954 
7.1050;93.8289 
7.1075;92.0123 
7.1100;90.2497 
7.1125;88.5448 
7.1150;86.9016 
7.1175;85.3236 
7.1200;83.8140 
7.1225;82.3757 
7.1250;81.0109 
7.1275;80.5693 
7.1300;80.1734 
7.1325;79.8194 
7.1350;79.5036 
7.1375;78.5717 
7.1400;77.7130 
7.1425;76.9251 
7.1450;76.2049 
7.1475;75.5492 
7.1500;74.9543 
7.1525;74.4165 
7.1550;73.9318 
7.1575;94.0613 
7.1600;102.2138 
7.1625;107.1329 
7.1650;110.5246 
7.1675;113.0295 
7.1700;114.8446 
7.1725;116.2904 
7.1750;117.4634 
7.1775;118.4283 
7.1800;119.2686 
7.1825;119.9719 
7.1850;120.5646 
7.1875;121.0671 
7.1900;118.8851 
7.1925;116.7204 
7.1950;114.5752 
7.1975;112.4519 
7.2000;114.5413 
7.2025;116.1831 
7.2050;117.5021 
7.2075;118.5792 
7.2100;119.4696 
7.2125;117.3566 
7.2150;115.2693 
7.2175;113.2105 
7.2200;111.1833 
7.2225;108.9176 
7.2250;106.6583 
7.2275;104.4063 
7.2300;102.1626 
7.2325;100.5728 
7.2350;99.0509 
7.2375;97.5998 
7.2400;96.2219 
7.2425;94.9192 
7.2450;93.3574 
7.2475;91.8648 
7.2500;90.4441 
7.2525;89.0974 
7.2550;101.9182 
7.2575;108.4431 
7.2600;112.6459 
7.2625;115.6370 
7.2650;117.8192 
7.2675;119.5262 
7.2700;120.8931 
7.2725;122.0066 
7.2750;122.9866 
7.2775;123.8009 
7.2800;124.4833 
7.2825;125.0591 
7.2850;125.5477 
7.2875;123.4159 
7.2900;121.3076 
7.2925;119.2255 
7.2950;117.1724 
7.2975;114.9420 
7.3000;112.7228 
7.3025;110.5161 
7.3050;108.3237 
7.3075;106.6523 
7.3100;105.0446 
7.3125;103.5038 
7.3150;102.0331 
7.3175;105.8743 
7.3200;108.6532 
7.3225;110.7654 
7.3250;112.4232 
7.3275;113.7541 
7.3300;111.7378 
7.3325;109.7576 
7.3350;107.8171 
7.3375;105.9202 
7.3400;103.9792 
7.3425;102.0817 
7.3450;100.2316 
7.3475;98.4327 
7.3500;97.0121 
7.3525;95.6656 
7.3550;94.3948 
7.3575;93.2008 
7.3600;92.1447 
7.3625;91.1645 
7.3650;90.2588 
7.3675;89.4255 
7.3700;88.6620 
7.3725;86.3502 
7.3750;84.0385 
7.3775;81.7267 
7.3800;79.4150 
7.3825;77.1033 
7.3850;74.7915 
7.3875;72.4798 
7.3900;70.1680 
7.3925;88.2495 
7.3950;96.0266 
7.3975;100.7890 
7.4000;104.0952 
7.4025;106.5467 
7.4050;104.2349 
7.4075;101.9232 
7.4100;99.6114 
7.4125;97.2997 
7.4150;95.7912 
7.4175;94.3540 
7.4200;92.9904 
7.4225;91.7023 
7.4250;89.3906 
7.4275;87.0788 
7.4300;84.7671 
7.4325;82.4553 
7.4350;82.4108 
7.4375;82.3717 
7.4400;82.3375 
7.4425;82.3075 
7.4450;82.2811 
7.4475;82.1505 
7.4500;82.0355 
7.4525;81.9341 
7.4550;81.8450 
7.4575;81.5446 
7.4600;81.2775 
7.4625;81.0403 
7.4650;80.8301 
7.4675;79.9232 
7.4700;79.0887 
7.4725;78.3240 
7.4750;77.6260 
7.4775;77.9797 
7.4800;78.2834 
7.4825;78.5448 
7.4850;78.7703 
7.4875;78.9653 
7.4900;77.9382 
7.4925;76.9866 
7.4950;76.1088 
7.4975;75.3024 
7.5000;73.8827 
7.5025;72.5371 
7.5050;71.2674 
7.5075;70.0744 
7.5100;68.2509 
7.5125;66.4809 
7.5150;64.7681 
7.5175;63.1165 
7.5200;64.1590 
7.5225;65.0223 
7.5250;65.7440 
7.5275;66.3516 
7.5300;66.8664 
7.5325;82.7423 
7.5350;90.0509 
7.5375;94.6107 
7.5400;97.8047 
7.5425;95.7407 
7.5450;93.7079 
7.5475;91.7094 
7.5500;89.7489 
7.5525;87.9848 
7.5550;86.2784 
7.5575;84.6334 
7.5600;83.0536 
7.5625;81.5421 
7.5650;79.4839 
7.5675;77.4574 
7.5700;75.4659 
7.5725;73.5132 
7.5750;74.8490 
7.5775;75.9389 
7.5800;76.8393 
7.5825;77.5905 
7.5850;78.3569 
7.5875;79.0007 
7.5900;79.5451 
7.5925;80.0077 
7.5950;80.5216 
7.5975;80.9590 
7.6000;81.3329 
7.6025;81.6535 
7.6050;81.9293 
7.6075;82.1671 
7.6100;82.3725 
7.6125;82.5502 
7.6150;82.7043 
7.6175;81.9881 
7.6200;81.3363 
7.6225;80.7450 
7.6250;80.2105 
7.6275;80.3384 
7.6300;80.4495 
7.6325;80.5461 
7.6350;80.6302 
7.6375;93.6373 
7.6400;100.2152 
7.6425;104.4429 
7.6450;107.4483 
7.6475;109.7084 
7.6500;107.7444 
7.6525;105.8218 
7.6550;103.9442 
7.6575;102.1158 
7.6600;109.1841 
7.6625;113.6369 
7.6650;116.7708 
7.6675;119.1132 
7.6700;116.9611 
7.6725;114.8299 
7.6750;112.7223 
7.6775;110.6410 
7.6800;108.4477 
7.6825;106.2704 
7.6850;104.1110 
7.6875;101.9717 
7.6900;99.8550 
7.6925;98.0673 
7.6950;96.3356 
7.6975;94.6638 
7.7000;93.0556 
7.7025;91.3883 
7.7050;89.7848 
7.7075;88.2485 
7.7100;86.7825 
7.7125;85.9179 
7.7150;85.1242 
7.7175;84.3986 
7.7200;83.7377 
7.7225;83.1380 
7.7250;81.5111 
7.7275;79.9503 
7.7300;78.4587 
7.7325;77.0389 
7.7350;75.6934 
7.7375;74.4236 
7.7400;73.2306 
7.7425;72.1148 
7.7450;71.0756 
7.7475;70.1123 
7.7500;69.2230 
7.7525;68.4055 
7.7550;67.4061 
7.7575;66.4817 
7.7600;65.6303 
7.7625;64.8493 
7.7650;64.1358 
7.7675;61.8241 
7.7700;59.5123 
7.7725;57.2006 
7.7750;54.8888 
7.7775;55.8244 
7.7800;56.6035 
7.7825;57.2575 
7.7850;57.8103 
7.7875;57.8462 
7.7900;57.8776 
7.7925;57.9050 
7.7950;57.9290 
7.7975;58.3810 
7.8000;58.7670 
7.8025;59.0979 
7.8050;59.3823 
7.8075;59.6274 
7.8100;92.1049 
7.8125;101.7033 
7.8150;107.1837 
7.8175;110.8719 
7.8200;113.4530 
7.8225;115.4334 
7.8250;116.9979 
7.8275;118.2598 
7.8300;118.9361 
7.8325;119.5069 
7.8350;119.9914 
7.8375;120.4045 
7.8400;122.1502 
7.8425;123.5454 
7.8450;124.6803 
7.8475;125.6158 
7.8500;126.3948 
7.8525;127.1132 
7.8550;127.7183 
7.8575;128.2309 
7.8600;128.6673 
7.8625;128.9755 
7.8650;129.2408 
7.8675;129.4696 
7.8700;129.6674 
7.8725;129.9276 
7.8750;130.1521 
7.8775;130.3462 
7.8800;130.5143 
7.8825;130.6600 
7.8850;130.6823 
7.8875;130.7017 
7.8900;130.7187 
7.8925;130.7335 
7.8950;128.4664 
7.8975;126.2055 
7.9000;123.9518 
7.9025;121.7060 
7.9050;122.1921 
7.9075;122.6065 
7.9100;122.9612 
7.9125;123.2656 
7.9150;121.2382 
7.9175;119.2458 
7.9200;117.2920 
7.9225;115.3804 
7.9250;113.5149 
7.9275;115.3713 
7.9300;116.8468 
7.9325;118.0422 
7.9350;119.0245 
7.9375;120.3348 
7.9400;121.4052 
7.9425;122.2904 
7.9450;123.0295 
7.9475;123.0421 
7.9500;123.0531 
7.9525;123.0628 
7.9550;123.0712 
7.9575;123.1394 
7.9600;123.1988 
7.9625;123.2506 
7.9650;123.2958 
7.9675;123.3352 
7.9700;124.3959 
7.9725;125.2734 
7.9750;126.0064 
7.9775;126.6233 
7.9800;127.2096 
7.9825;127.7068 
7.9850;128.1305 
7.9875;128.4929 
7.9900;128.7601 
7.9925;128.9906 
7.9950;129.1897 
7.9975;129.3622 
8.0000;127.2508 
8.0025;125.1653 
8.0050;123.1086 
8.0075;121.0837 
8.0100;119.0942 
8.0125;119.6779 
8.0150;120.1730 
8.0175;120.5949 
8.0200;120.9559 
8.0225;121.2656 
8.0250;121.5322 
8.0275;121.7621 
8.0300;121.9608 
8.0325;122.0899 
8.0350;122.2021 
8.0375;122.2997 
8.0400;122.3846 
8.0425;122.4586 
8.0450;122.3758 
8.0475;122.3030 
8.0500;122.2391 
8.0525;122.1830 
8.0550;122.1337 
8.0575;122.0905 
8.0600;122.0526 
8.0625;122.0194 
8.0650;122.7922 
8.0675;123.4413 
8.0700;123.9899 
8.0725;124.4561 
8.0750;124.8722 
8.0775;125.2283 
8.0800;125.5340 
8.0825;125.7972 
8.0850;126.0242 
8.0875;126.5306 
8.0900;126.9619 
8.0925;127.3306 
8.0950;127.6469 
8.0975;127.2068 
8.1000;126.8122 
8.1025;126.4595 
8.1050;126.1448 
8.1075;125.8387 
8.1100;125.5664 
8.1125;125.3246 
8.1150;125.1102 
8.1175;124.9477 
8.1200;124.8043 
8.1225;124.6778 
8.1250;124.5664 
8.1275;124.4683 
8.1300;125.5461 
8.1325;126.4371 
8.1350;127.1807 
8.1375;127.8062 
8.1400;128.3730 
8.1425;128.8541 
8.1450;129.2644 
8.1475;129.6156 
8.1500;127.3198 
8.1525;125.0262 
8.1550;122.7351 
8.1575;120.4470 
8.1600;120.8868 
8.1625;121.2627 
8.1650;121.5850 
8.1675;121.8622 
8.1700;122.1012 
8.1725;119.8017 
8.1750;117.5040 
8.1775;115.2082 
8.1800;112.9147 
8.1825;114.5064 
8.1850;115.7884 
8.1875;116.8372 
8.1900;117.7055 
8.1925;118.4576 
8.1950;119.0899 
8.1975;119.6249 
8.2000;120.0798 
8.2025;120.4682 
8.2050;120.8242 
8.2075;121.1299 
8.2100;121.3929 
8.2125;121.6199 
8.2150;121.8160 
8.2175;121.9859 
8.2200;122.1331 
8.2225;122.2609 
8.2250;122.3931 
8.2275;122.5080 
8.2300;122.6079 
8.2325;122.6948 
8.2350;120.5129 
8.2375;118.3484 
8.2400;116.2034 
8.2425;114.0803 
8.2450;111.9817 
8.2475;109.9103 
8.2500;107.8693 
8.2525;105.8618 
8.2550;103.8914 
8.2575;101.9616 
8.2600;100.0764 
8.2625;98.2395 
8.2650;96.4550 
8.2675;95.1392 
8.2700;93.8996 
8.2725;92.7370 
8.2750;91.6515 
8.2775;100.0798 
8.2800;105.1111 
8.2825;108.5633 
8.2850;111.1056 
8.2875;113.0600 
8.2900;114.6225 
8.2925;115.8827 
8.2950;116.9149 
8.2975;117.7702 
8.3000;118.4457 
8.3025;119.0159 
8.3050;119.4998 
8.3075;119.9124 
8.3100;121.9688 
8.3125;123.5873 
8.3150;124.8891 
8.3175;125.9531 
8.3200;126.8414 
8.3225;127.5829 
8.3250;128.2067 
8.3275;128.7347 
8.3300;129.1838 
8.3325;128.4961 
8.3350;127.8712 
8.3375;127.3052 
8.3400;126.7943 
8.3425;124.5385 
8.3450;122.2906 
8.3475;120.0515 
8.3500;117.8224 
8.3525;115.7291 
8.3550;113.6637 
8.3575;111.6293 
8.3600;109.6291 
8.3625;107.6668 
8.3650;105.7182 
8.3675;103.8124 
8.3700;101.9533 
8.3725;100.1447 
8.3750;105.2106 
8.3775;108.6813 
8.3800;111.2351 
8.3825;113.1972 
8.3850;114.7323 
8.3875;115.9721 
8.3900;116.9886 
8.3925;117.8316 
8.3950;118.5765 
8.3975;119.2030 
8.4000;119.7331 
8.4025;120.1841 
8.4050;120.5692 
8.4075;122.6692 
8.4100;124.3185 
8.4125;125.6431 
8.4150;126.7244 
8.4175;126.2886 
8.4200;125.8981 
8.4225;125.5490 
8.4250;125.2376 
8.4275;123.0482 
8.4300;120.8753 
8.4325;118.7208 
8.4350;116.5871 
8.4375;114.4432 
8.4400;112.3213 
8.4425;110.2239 
8.4450;108.1541 
8.4475;106.1147 
8.4500;104.2300 
8.4525;102.3937 
8.4550;100.6098 
8.4575;98.8823 
8.4600;97.1697 
8.4625;95.5182 
8.4650;93.9315 
8.4675;92.4127 
8.4700;90.5715 
8.4725;88.7824 
8.4750;87.0491 
8.4775;85.3757 
8.4800;83.5681 
8.4825;81.8152 
8.4850;80.1207 
8.4875;78.4885 
8.4900;76.9220 
8.4925;78.6117 
8.4950;79.9660 
8.4975;81.0699 
8.5000;81.9813 
8.5025;81.1023 
8.5050;80.2949 
8.5075;79.5561 
8.5100;78.8827 
8.5125;95.9067 
8.5150;103.4681 
8.5175;108.1383 
8.5200;111.3936 
8.5225;113.8131 
8.5250;111.6000 
8.5275;109.4004 
8.5300;107.2159 
8.5325;105.0485 
8.5350;103.2862 
8.5375;101.5819 
8.5400;99.9391 
8.5425;98.3616 
8.5450;96.7600 
8.5475;95.2257 
8.5500;93.7617 
8.5525;92.3706 
8.5550;90.0588 
8.5575;87.7471 
8.5600;85.4353 
8.5625;83.1236 
8.5650;80.8119 
8.5675;79.7832 
8.5700;78.8300 
8.5725;77.9507 
8.5750;77.1428 
8.5775;97.2146 
8.5800;105.3572 
8.5825;110.2723 
8.5850;113.6618 
8.5875;116.1653 
8.5900;118.0933 
8.5925;119.6205 
8.5950;120.8544 
8.5975;121.8010 
8.6000;122.5888 
8.6025;123.2499 
8.6050;123.8084 
8.6075;124.2827 
8.6100;125.8230 
8.6125;127.0668 
8.6150;128.0864 
8.6175;128.9317 
8.6200;128.0702 
8.6225;127.2796 
8.6250;126.5568 
8.6275;125.8987 
8.6300;123.6558 
8.6325;121.4223 
8.6350;119.1996 
8.6375;116.9891 
8.6400;114.8250 
8.6425;112.6805 
8.6450;110.5580 
8.6475;108.4599 
8.6500;106.3892 
8.6525;111.3627 
8.6550;114.7838 
8.6575;117.3069 
8.6600;119.2483 
8.6625;120.7849 
8.6650;122.0260 
8.6675;123.0434 
8.6700;123.8871 
8.6725;124.5838 
8.6750;125.1711 
8.6775;125.6692 
8.6800;126.0936 
8.6825;126.4566 
8.6850;126.7681 
8.6875;127.0362 
8.6900;127.2673 
8.6925;127.4671 
8.6950;125.2451 
8.6975;123.0353 
8.7000;120.8394 
8.7025;118.6591 
8.7050;121.4877 
8.7075;123.6327 
8.7100;125.3136 
8.7125;126.6613 
8.7150;127.0655 
8.7175;127.4115 
8.7200;127.7087 
8.7225;127.9646 
8.7250;128.1855 
8.7275;128.3765 
8.7300;128.5419 
8.7325;128.6853 
8.7350;128.8099 
8.7375;128.8892 
8.7400;128.9582 
8.7425;129.0184 
8.7450;129.0709 
8.7475;129.1167 
8.7500;129.1567 
8.7525;129.1916 
8.7550;129.2221 
8.7575;129.2559 
8.7600;129.2853 
8.7625;129.3111 
8.7650;129.3336 
8.7675;129.3532 
8.7700;129.5179 
8.7725;129.6607 
8.7750;129.7846 
8.7775;129.8924 
8.7800;129.8152 
8.7825;129.7473 
8.7850;129.6877 
8.7875;129.6354 
8.7900;129.5895 
8.7925;129.5492 
8.7950;129.5139 
8.7975;129.4829 
8.8000;129.4488 
8.8025;129.4188 
8.8050;129.3926 
8.8075;129.3696 
8.8100;129.3494 
8.8125;129.9905 
8.8150;130.5327 
8.8175;130.9935 
8.8200;131.3869 
8.8225;129.1967 
8.8250;127.0228 
8.8275;124.8672 
8.8300;122.7323 
8.8325;120.5031 
8.8350;118.2853 
8.8375;116.0802 
8.8400;113.8896 
8.8425;111.7153 
8.8450;115.2622 
8.8475;117.8630 
8.8500;119.8566 
8.8525;121.4306 
8.8550;122.6059 
8.8575;123.5726 
8.8600;124.3763 
8.8625;125.0503 
8.8650;125.5841 
8.8675;126.0381 
8.8700;126.4257 
8.8725;126.7580 
8.8750;127.0516 
8.8775;127.3045 
8.8800;127.5229 
8.8825;127.7116 
8.8850;127.8752 
8.8875;128.0170 
8.8900;128.1401 
8.8925;128.2472 
8.8950;128.3403 
8.8975;128.4214 
8.9000;128.4920 
8.9025;128.5535 
8.9050;128.6072 
8.9075;128.6614 
8.9100;128.7087 
8.9125;128.7500 
8.9150;128.7860 
8.9175;128.8102 
8.9200;128.8313 
8.9225;128.8498 
8.9250;128.8659 
8.9275;128.8800 
8.9300;128.8996 
8.9325;128.9167 
8.9350;128.9317 
8.9375;128.9448 
8.9400;128.9490 
8.9425;128.9527 
8.9450;128.9559 
8.9475;128.9587 
8.9500;129.5014 
8.9525;129.9628 
8.9550;130.3566 
8.9575;130.6939 
8.9600;130.9839 
8.9625;131.2336 
8.9650;131.4492 
8.9675;131.6357 
8.9700;131.7973 
8.9725;129.5972 
8.9750;127.4123 
8.9775;125.2444 
8.9800;123.0955 
8.9825;123.9498 
8.9850;124.6643 
8.9875;125.2661 
8.9900;125.7761 
8.9925;126.2188 
8.9950;126.5970 
8.9975;126.9214 
9.0000;127.2003 
9.0025;127.4407 
9.0050;127.6405 
9.0075;127.8136 
9.0100;127.9635 
9.0125;128.0937 
9.0150;128.2068 
9.0175;128.3052 
9.0200;128.3908 
9.0225;128.4653 
9.0250;128.5303 
9.0275;128.5870 
9.0300;128.6364 
9.0325;128.6795 
9.0350;126.5098 
9.0375;124.3589 
9.0400;122.2292 
9.0425;120.1232 
9.0450;118.0437 
9.0475;119.8639 
9.0500;121.3133 
9.0525;122.4890 
9.0550;123.4561 
9.0575;124.2222 
9.0600;124.8659 
9.0625;125.4101 
9.0650;125.8726 
9.0675;126.2421 
9.0700;126.5590 
9.0725;126.8317 
9.0750;127.0668 
9.0775;127.3017 
9.0800;127.5047 
9.0825;127.6804 
9.0850;127.8327 
9.0875;127.9648 
9.0900;128.0644 
9.0925;128.1511 
9.0950;128.2266 
9.0975;128.2924 
9.1000;128.3572 
9.1025;128.4138 
9.1050;128.4631 
9.1075;128.5061 
9.1100;126.2367 
9.1125;123.9732 
9.1150;121.7164 
9.1175;119.4673 
9.1200;120.8916 
9.1225;122.0484 
9.1250;123.0009 
9.1275;123.7934 
9.1300;124.4583 
9.1325;125.0198 
9.1350;125.4966 
9.1375;125.9033 
9.1400;126.2515 
9.1425;125.8303 
9.1450;125.4532 
9.1475;125.1163 
9.1500;124.8160 
9.1525;124.5955 
9.1550;124.4002 
9.1575;124.2275 
9.1600;124.0749 
9.1625;123.9403 
9.1650;124.9045 
9.1675;125.7062 
9.1700;126.3785 
9.1725;126.9461 
9.1750;127.4358 
9.1775;127.8532 
9.1800;128.2104 
9.1825;128.5170 
9.1850;126.2560 
9.1875;124.0020 
9.1900;121.7561 
9.1925;119.5192 
9.1950;120.9793 
9.1975;122.1631 
9.2000;123.1364 
9.2025;123.9454 
9.2050;124.6235 
9.2075;125.1958 
9.2100;125.6815 
9.2125;126.0955 
9.2150;126.4499 
9.2175;126.7542 
9.2200;127.0160 
9.2225;127.2420 
9.2250;127.4373 
9.2275;127.6298 
9.2300;127.7965 
9.2325;127.9411 
9.2350;128.0666 
9.2375;125.8070 
9.2400;123.5545 
9.2425;121.3103 
9.2450;119.0754 
9.2475;116.8511 
9.2500;114.6387 
9.2525;112.4399 
9.2550;110.2562 
9.2575;108.0897 
9.2600;110.8727 
9.2625;112.9875 
9.2650;114.6473 
9.2675;115.9795 
9.2700;117.3937 
9.2725;118.5429 
9.2750;119.4894 
9.2775;120.2772 
9.2800;120.9498 
9.2825;121.5176 
9.2850;121.9996 
9.2875;122.4106 
9.2900;122.7624 
9.2925;123.9258 
9.2950;124.8833 
9.2975;125.6798 
9.3000;126.3479 
9.3025;127.1060 
9.3050;127.7432 
9.3075;128.2821 
9.3100;128.7403 
9.3125;129.1172 
9.3150;129.4404 
9.3175;129.7183 
9.3200;129.9579 
9.3225;130.1648 
9.3250;127.9834 
9.3275;125.8195 
9.3300;123.6751 
9.3325;121.5527 
9.3350;119.3797 
9.3375;117.2251 
9.3400;115.0913 
9.3425;112.9806 
9.3450;116.0218 
9.3475;118.3049 
9.3500;120.0820 
9.3525;121.5001 
9.3550;122.6524 
9.3575;123.6012 
9.3600;124.3909 
9.3625;125.0534 
9.3650;125.6131 
9.3675;126.0200 
9.3700;126.3685 
9.3725;126.6677 
9.3750;126.9253 
9.3775;126.7009 
9.3800;126.5021 
9.3825;126.3263 
9.3850;126.1710 
9.3875;126.0596 
9.3900;125.9615 
9.3925;125.8753 
9.3950;125.7994 
9.3975;126.6644 
9.4000;127.3873 
9.4025;127.9960 
9.4050;128.5116 
9.4075;128.9505 
9.4100;129.2050 
9.4125;129.4247 
9.4150;129.6146 
9.4175;129.7791 
9.4200;127.5145 
9.4225;125.2565 
9.4250;123.0060 
9.4275;120.7640 
9.4300;121.9224 
9.4325;122.8761 
9.4350;123.6695 
9.4375;124.3352 
9.4400;124.8973 
9.4425;125.3747 
9.4450;125.7818 
9.4475;126.1304 
9.4500;126.4297 
9.4525;126.6792 
9.4550;126.8946 
9.4575;127.0809 
9.4600;127.2423 
9.4625;124.9761 
9.4650;122.7162 
9.4675;120.4635 
9.4700;118.2191 
9.4725;115.9992 
9.4750;113.7918 
9.4775;111.5986 
9.4800;109.4213 
9.4825;107.2619 
9.4850;110.5758 
9.4875;113.0321 
9.4900;114.9280 
9.4925;116.4321 
9.4950;117.6489 
9.4975;118.6476 
9.5000;119.4766 
9.5025;120.1708 
9.5050;122.1271 
9.5075;123.6744 
9.5100;124.9234 
9.5125;125.9469 
9.5150;126.1366 
9.5175;126.3009 
9.5200;126.4433 
9.5225;126.5670 
9.5250;126.6745 
9.5275;126.9393 
9.5300;127.1678 
9.5325;127.3652 
9.5350;127.5361 
9.5375;127.8159 
9.5400;128.0571 
9.5425;128.2654 
9.5450;128.4457 
9.5475;126.1340 
9.5500;123.8222 
9.5525;121.5105 
9.5550;119.1987 
9.5575;117.0458 
9.5600;114.9138 
9.5625;112.8052 
9.5650;110.7227 
9.5675;108.6694 
9.5700;106.6483 
9.5725;104.6628 
9.5750;102.7166 
9.5775;100.8133 
9.5800;98.7101 
9.5825;96.6335 
9.5850;94.5868 
9.5875;92.5729 
9.5900;90.6616 
9.5925;88.7965 
9.5950;86.9814 
9.5975;85.2203 
9.6000;83.4172 
9.6025;81.6690 
9.6050;79.9797 
9.6075;78.3529 
9.6100;76.7922 
9.6125;74.4804 
9.6150;72.1687 
9.6175;69.8570 
9.6200;67.5452 
9.6225;68.6077 
9.6250;69.4867 
9.6275;70.2209 
9.6300;70.8387 
9.6325;69.8932 
9.6350;69.0212 
9.6375;68.2205 
9.6400;67.4882 
9.6425;66.8209 
9.6450;66.2152 
9.6475;65.6673 
9.6500;65.1732 
9.6525;64.7289 
9.6550;67.3688 
9.6575;69.3887 
9.6600;70.9814 
9.6625;72.2640 
9.6650;94.7508 
9.6675;103.2757 
9.6700;108.3457 
9.6725;111.8186 
9.6750;114.3905 
9.6775;116.3648 
9.6800;117.9249 
9.6825;119.1835 
9.6850;120.2144 
9.6875;120.9658 
9.6900;121.5976 
9.6925;122.1320 
9.6950;122.5866 
9.6975;122.9645 
9.7000;123.2885 
9.7025;123.5672 
9.7050;123.8074 
9.7075;123.7144 
9.7100;123.6326 
9.7125;123.5608 
9.7150;123.4976 
9.7175;123.4223 
9.7200;123.3562 
9.7225;123.2981 
9.7250;123.2471 
9.7275;123.2023 
9.7300;123.1732 
9.7325;123.1476 
9.7350;123.1252 
9.7375;123.1056 
9.7400;123.0377 
9.7425;122.9780 
9.7450;122.9256 
9.7475;122.8797 
9.7500;120.7313 
9.7525;118.6044 
9.7550;116.5016 
9.7575;114.4255 
9.7600;112.1138 
9.7625;109.8020 
9.7650;107.4903 
9.7675;105.1785 
9.7700;102.8668 
9.7725;108.8119 
9.7750;112.7347 
9.7775;115.5621 
9.7800;117.7062 
9.7825;119.3991 
9.7850;120.7556 
9.7875;121.8612 
9.7900;122.7739 
9.7925;123.3960 
9.7950;123.9226 
9.7975;124.3705 
9.8000;124.7532 
9.8025;125.0813 
9.8050;125.1846 
9.8075;125.2745 
9.8100;125.3528 
9.8125;125.4210 
9.8150;125.2225 
9.8175;125.0470 
9.8200;124.8919 
9.8225;124.7551 
9.8250;124.9012 
9.8275;125.0281 
9.8300;125.1384 
9.8325;125.2343 
9.8350;125.0935 
9.8375;124.9694 
9.8400;124.8601 
9.8425;124.7638 
9.8450;124.6792 
9.8475;124.9177 
9.8500;125.1237 
9.8525;125.3020 
9.8550;125.4565 
9.8575;123.2053 
9.8600;120.9624 
9.8625;118.7291 
9.8650;116.5066 
9.8675;114.5968 
9.8700;112.7332 
9.8725;110.9199 
9.8750;109.1608 
9.8775;107.4347 
9.8800;105.7689 
9.8825;104.1670 
9.8850;102.6324 
9.8875;101.1681 
9.8900;107.8752 
9.8925;112.1631 
9.8950;115.2032 
9.8975;117.4855 
9.9000;119.3000 
9.9025;120.7453 
9.9050;121.9180 
9.9075;122.8827 
9.9100;123.1679 
9.9125;123.4137 
9.9150;123.6260 
9.9175;123.8096 
9.9200;123.6183 
9.9225;123.4492 
9.9250;123.2998 
9.9275;123.1681 
9.9300;123.0520 
9.9325;122.8781 
9.9350;122.7245 
9.9375;122.5889 
9.9400;122.4694 
9.9425;122.3853 
9.9450;122.3114 
9.9475;122.2465 
9.9500;122.1894 
9.9525;122.1287 
9.9550;122.0753 
9.9575;122.0285 
9.9600;121.9875 
9.9625;121.9515 
9.9650;119.7384 
9.9675;117.5388 
9.9700;115.3543 
9.9725;113.1868 
9.9750;111.0791 
9.9775;108.9976 
9.9800;106.9454 
9.9825;104.9255 
9.9850;102.9738 
9.9875;101.0647 
9.9900;99.2018 
9.9925;97.3892 
9.9950;106.1409 
9.9975;111.3005 
10.0000;114.8211 
10.0025;117.4056 
10.0050;119.3884 
10.0075;120.8049 
10.0100;121.9559 
10.0125;122.9039 
10.0150;123.6927 
10.0175;124.3641 
10.0200;124.9310 
10.0225;125.4122 
10.0250;125.8225 
10.0275;125.3308 
10.0300;124.8888 
10.0325;124.4926 
10.0350;124.1383 
10.0375;123.8319 
10.0400;123.5593 
10.0425;123.3172 
10.0450;123.1026 
10.0475;122.9126 
10.0500;123.0215 
10.0525;123.1163 
10.0550;123.1988 
10.0575;123.2707 
10.0600;123.0512 
10.0625;122.8569 
10.0650;122.6850 
10.0675;122.5332 
10.0700;122.3993 
10.0725;122.2812 
10.0750;122.1773 
10.0775;122.0858 
10.0800;122.0054 
10.0825;121.9347 
10.0850;121.8726 
10.0875;121.8181 
10.0900;121.7702 
10.0925;121.7283 
10.0950;121.6915 
10.0975;121.6592 
10.1000;121.6309 
10.1025;119.4447 
10.1050;117.2754 
10.1075;115.1250 
10.1100;112.9958 
10.1125;110.9722 
10.1150;108.9839 
10.1175;107.0347 
10.1200;105.1281 
10.1225;103.2681 
10.1250;100.9927 
10.1275;98.7225 
10.1300;96.4580 
10.1325;94.2001 
10.1350;93.0184 
10.1375;91.9138 
10.1400;90.8858 
10.1425;89.9334 
10.1450;88.9822 
10.1475;88.1047 
10.1500;87.2987 
10.1525;86.5612 
10.1550;85.7144 
10.1575;84.9379 
10.1600;84.2287 
10.1625;83.5833 
10.1650;82.9982 
10.1675;82.4694 
10.1700;81.9932 
10.1725;81.5654 
10.1750;81.1823 
10.1775;79.6355 
10.1800;78.1586 
10.1825;76.7541 
10.1850;75.4241 
10.1875;77.0036 
10.1900;78.2764 
10.1925;79.3183 
10.1950;80.1811 
10.1975;80.9024 
10.2000;81.5097 
10.2025;82.0242 
10.2050;82.4622 
10.2075;82.8366 
10.2100;81.6708 
10.2125;80.5822 
10.2150;79.5700 
10.2175;78.6330 
10.2200;77.3475 
10.2225;76.1387 
10.2250;75.0069 
10.2275;73.9521 
10.2300;74.2108 
10.2325;74.4340 
10.2350;74.6270 
10.2375;74.7941 
10.2400;73.5782 
10.2425;72.4393 
10.2450;71.3774 
10.2475;70.3916 
10.2500;69.4804 
10.2525;68.6418 
10.2550;67.8731 
10.2575;67.1714 
10.2600;66.5331 
10.2625;100.4154 
10.2650;110.1174 
10.2675;115.6356 
10.2700;119.3432 
10.2725;117.1747 
10.2750;115.0252 
10.2775;112.8971 
10.2800;110.7928 
10.2825;108.7152 
10.2850;106.5621 
10.2875;104.4300 
10.2900;102.3213 
10.2925;100.2387 
10.2950;98.6072 
10.2975;97.0415 
10.3000;95.5448 
10.3025;94.1198 
10.3050;92.8852 
10.3075;91.7277 
10.3100;90.6472 
10.3125;89.6430 
10.3150;87.6482 
10.3175;85.6917 
10.3200;83.7773 
10.3225;81.9087 
10.3250;80.0898 
10.3275;78.3248 
10.3300;76.6174 
10.3325;74.9714 
10.3350;73.3905 
10.3375;74.0752 
10.3400;74.6528 
10.3425;75.1429 
10.3450;75.5607 
10.3475;75.4480 
10.3500;75.3488 
10.3525;75.2615 
10.3550;75.1848 
10.3575;100.8214 
10.3600;109.7615 
10.3625;114.9944 
10.3650;118.5537 
10.3675;121.1620 
10.3700;123.0188 
10.3725;124.4947 
10.3750;125.6903 
10.3775;126.6728 
10.3800;124.4175 
10.3825;122.1700 
10.3850;119.9314 
10.3875;117.7029 
10.3900;115.6734 
10.3925;113.6788 
10.3950;111.7225 
10.3975;109.8082 
10.4000;115.3605 
10.4025;119.0856 
10.4050;121.7948 
10.4075;123.8608 
10.4100;125.4861 
10.4125;123.2448 
10.4150;121.0133 
10.4175;118.7927 
10.4200;116.5846 
10.4225;114.3738 
10.4250;112.1766 
10.4275;109.9950 
10.4300;107.8307 
10.4325;105.6026 
10.4350;103.3860 
10.4375;101.1824 
10.4400;98.9934 
10.4425;96.8209 
10.4450;94.7192 
10.4475;92.6444 
10.4500;90.5995 
10.4525;88.5878 
10.4550;104.2024 
10.4575;111.4506 
10.4600;115.9836 
10.4625;119.1627 
10.4650;121.5228 
10.4675;123.3530 
10.4700;124.8097 
10.4725;125.9909 
